Article,Unit,Value
Άρθρο 3,##Ιδιαίτερα Γραφεία,"α) η μελέτη θεμάτων και η συγκέντρωση των 
αναγκαίων στοιχείων για την παροχή κατάλληλης ενημέρωσης στην πολιτική ηγεσία και τους γενικούς γραμματείς, β) η επιμέλεια της αλληλογραφίας, γ) η τήρηση 
του προσωπικού πρωτοκόλλου, δ) η φροντίδα για ό,τι 
αφορά στην επικοινωνία με βουλευτές, πολίτες, εκπροσώπους των κοινωνικών φορέων και δημόσιους γενικά 
λειτουργούς, καθώς και ε) η μέριμνα για την ορθή εκπλήρωση των εθιμοτυπικών υποχρεώσεων."
Άρθρο 4,Γραφείο Σχεδιασμού και Διενέργειας Εσωτερικών Ελέγχων,"αα) την ανάπτυξη 
και διαρκή βελτίωση της μεθοδολογίας και των εργαλείων του εσωτερικού ελέγχου σύμφωνα με τα Διεθνή 
Πρότυπα, ββ) τη σύνταξη και αναθεώρηση του Κανονισμού Λειτουργίας του Εσωτερικού Ελέγχου, γγ) τη σύνταξη και αναθεώρηση Εγχειριδίου Εσωτερικών Ελέγχων,  δδ)  την κατάρτιση εξαμηνιαίου, ετήσιου ή μεγαλύτερης 
διάρκειας προγράμματος εσωτερικών ελέγχων, λαμβανομένων υπόψη των στρατηγικών και επιχειρησιακών 
προτεραιοτήτων του Υπουργείου, εε)  την παροχή συμβουλευτικών υπηρεσιών στο Υπουργείο, για την εφαρμογή μιας ολοκληρωμένης πολιτικής διαχείρισης των 
κινδύνων που απειλούν την επίτευξη των στόχων του,  στστ) τη μέριμνα για την εκπαίδευση και την επιμόρφωση των Εσωτερικών Ελεγκτών, ζζ) τη διενέργεια προγραμματισμένων εσωτερικών ελέγχων στις υπηρεσίες 
του Υπουργείου και των εποπτευόμενων φορέων αυτού,  ηη) τον έλεγχο επάρκειας του συστήματος εσωτερικού 
ελέγχου (internal control) του Υπουργείου και την εισήγηση σχετικών βελτιωτικών προτάσεων, θθ) τον έλεγχο 
εφαρμογής και συμμόρφωσης με το εξωτερικό και εσωτερικό κανονιστικό πλαίσιο λειτουργίας του Υπουργείου,  ιι) την αξιολόγηση της λειτουργίας του Υπουργείου βάσει της αρχής της χρηστής δημοσιονομικής διαχείρισης,  ιαια) την αξιολόγηση των διαδικασιών σχεδιασμού, της 
εκτέλεσης και της αξιολόγησης των λειτουργιών και των 
προγραμμάτων του Υπουργείου, ιβιβ) τον έλεγχο της 
ορθής εφαρμογής των διαδικασιών εκτέλεσης του προϋπολογισμού, διενέργειας των δαπανών και διαχείρισης 
της περιουσίας του Υπουργείου για τον εντοπισμό τυχόν 
φαινομένων κακοδιοίκησης και κακοδιαχείρισης, κατάχρησης, σπατάλης ή απάτης και την ανάπτυξη δικλείδων 
για την αποτροπή τους στο μέλλον, ιγιγ) τον έλεγχο της 
ορθής, αποτελεσματικής και ασφαλούς διαχείρισης και 
χρήσης των πληροφοριακών συστημάτων, ιδιδ) τη διαβεβαίωση περί της ακρίβειας, της αξιοπιστίας και της 
έγκαιρης προετοιμασίας των χρηματοοικονομικών (και λοιπών) αναφορών, ιειε) τον έλεγχο της επάρκειας του 
συστήματος διαχείρισης των κινδύνων που απειλούν τις 
πολιτικές και τα προγράμματά του, ιστιστ) την επίβλεψη και τη διασφάλιση της ορθής διενέργειας των εσωτερικών ελέγχων και την παρακολούθηση υλοποίησης 
του προγράμματος εσωτερικών ελέγχων σύμφωνα με 
το εγκεκριμένο ελεγκτικό πρόγραμμα του Υπουργείου,  ιζιζ)  τη σύνταξη προσωρινών εκθέσεων εσωτερικού 
ελέγχου και την αποστολή τους στις εμπλεκόμενες υπηρεσίες του Υπουργείου για την επίτευξη συμφωνίας επί 
των διορθωτικών και βελτιωτικών ενεργειών, ιηιη) την 
παροχή συμβουλευτικών υπηρεσιών στο Υπουργείο 
σύμφωνα με τα σχετικά διεθνή πρότυπα και μεθοδολογίες, ιθιθ) την περιοδική παρακολούθηση, αξιολόγηση και επιβεβαίωση των διορθωτικών ή προληπτικών 
ενεργειών που πραγματοποιούνται από τις υπηρεσίες 
του Υπουργείου σε συμμόρφωση με τις προτάσεις του 
εσωτερικού ελέγχου μέχρι την οριστική υλοποίησή τους,  κκ) την υποβολή περιοδικής αναφοράς στον Υπουργό 
σχετικά με τη συμμόρφωση των υπηρεσιών και την υποβολή σχετικών προτάσεων και κακα) την επεξεργασία 
των στοιχείων των επί μέρους εκθέσεων εσωτερικού 
ελέγχου και την κατάρτιση Ετήσιας Έκθεσης, στην οποία 
καταγράφονται οι δραστηριότητες και τα αποτελέσματα 
του εσωτερικού ελέγχου, η πρόοδος υλοποίησης των 
προτάσεων αυτού και οι υπολειμματικοί κίνδυνοι που 
εξακολουθούν να απειλούν τις υπηρεσίες του Υπουργείου, λόγω της μη υλοποίησης διορθωτικών ενεργειών."
Άρθρο 4,Τμήμα Εσωτερικών Ερευνών και Διερεύνησης Καταγγελιών,"αα) τον εντοπισμό και τη διερεύνηση των υποθέσεων παραβίασης της 
ακεραιότητας και διαφθοράς, στις οποίες εμπλέκονται 
υπάλληλοι του Υπουργείου ή των εποπτευόμενων φορέων του, ββ) τη διενέργεια διοικητικής έρευνας, ένορκης διοικητικής εξέτασης, προκαταρκτικής εξέτασης ή 
προανάκρισης κατόπιν εισαγγελικής παραγγελίας ή αυτεπαγγέλτως ή κατόπιν εντολής από το αρμόδιο όργανο 
ή μετά από αυτόφωρη σύλληψη είτε βάσει καταγγελιών 
ή πληροφοριών που έχουν συλλεγεί, επεξεργαστεί και 
αξιολογηθεί για τη διερεύνηση ποινικών και πειθαρχικών 
αδικημάτων καθώς και την παραπομπή των υπαιτίων 
στην αρμόδια εισαγγελική αρχή ή τον αρμόδιο πειθαρχικό προϊστάμενο, γγ) τη διενέργεια των απαιτούμενων 
διαδικασιών για την πειθαρχική ή/και ποινική δίωξη των 
υπαλλήλων σύμφωνα με τις οικείες διατάξεις περί πειθαρχικού δικαίου, του Ποινικού Κώδικα ή άλλων ειδικών 
ποινικών νόμων, δδ) τη συλλογή, τη διερεύνηση, την 
επεξεργασία, τη σύνθεση, την ανάλυση, την αξιολόγηση και την αξιοποίηση των πληροφοριών, καταγγελιών 
και στοιχείων, που αφορούν στην εμπλοκή υπαλλήλων 
του Υπουργείου ή του εποπτευόμενου φορέα της Αρχής 
σε πειθαρχικά και ποινικά αδικήματα, εε) τη διενέργεια 
στοχευμένου οικονομικού και διαχειριστικού ελέγχου 
δημοσίων υπολόγων και δημοσίων διαχειρίσεων καθώς 
και τον καταλογισμό των ευθυνομένων, στστ) την εισήγηση μέτρων για την αντιμετώπιση, την πρόληψη και 
την καταστολή της διαφθοράς στις υπηρεσίες και τους 
εποπτευόμενους φορείς του Υπουργείου και ζζ)  την τήρηση αρχείου των υποθέσεων που χειρίζεται το Τμήμα 
και την εισήγηση στον Προϊστάμενο της Μ.Ε.Ε. για την 
αρχειοθέτηση των καταγγελιών που κρίνονται ασαφείς 
ή ασήμαντες καθώς και την επανεξέταση παλαιών υποθέσεων για τον εντοπισμό στοιχείων που μπορούν να 
αξιοποιηθούν προς περαιτέρω έρευνα."
Άρθρο 5,Γραφείο Επικοινωνίας και Ενημέρωσης,"α) την πληροφόρηση των μέσων 
ενημέρωσης για τις δραστηριότητες του Υπουργείου 
και την προβολή του έργου του, β) την κάλυψη γεγονότων και εκδηλώσεων γενικού ενδιαφέροντος του 
Υπουργείου, γ) την παρακολούθηση, επισήμανση και 
συλλογή ειδήσεων και δημοσιευμάτων που αφορούν 
σε δραστηριότητες του Υπουργείου και την ενημέρωση 
του Υπουργού, δ) την παροχή πληροφοριών και διευκολύνσεων στους Έλληνες και ξένους δημοσιογράφους 
και στους αντιπροσώπους ξένων κρατών σχετικά με το 
έργο του Υπουργείου και του Υπουργού, ε) την επιμέλεια 
οργάνωσης εορταστικών εκδηλώσεων, καθώς και ευαισθητοποίησης και διάχυσης των δημοσίων πολιτικών 
του Υπουργείου στην κοινωνία, στ) τον συντονισμό των 
υπηρεσιών για οποιαδήποτε δημοσίευση του Υπουργείου, ζ) την εποπτεία του περιεχομένου της ιστοσελίδας 
και την έγκριση κάθε επικαιροποίησής της, καθώς και 
τη σύνδεση με την κεντρική και με άλλες κυβερνητικές 
ιστοσελίδες, η) την οργάνωση εκδηλώσεων του Υπουργείου, την παροχή αιγίδας και τη διοικητική οργάνωση 
συνεντεύξεων της πολιτικής ηγεσίας, θ) την υποστήριξη 
για κάθε διαβούλευση του Υπουργείου με κοινωνικούς 
φορείς και εκπροσώπους της κοινωνίας των πολιτών 
για κάθε θέμα αρμοδιότητας του Υπουργείου και ι) τη 
διαχείριση κάθε είδους διαφημιστικής προβολής ή καμπάνιας του Υπουργείου σε συνεργασία με τις αρμόδιες 
καθ’ ύλην υπηρεσίες."
Άρθρο 7,Ειδική Νομική Υπηρεσία,"α) τη νομική κάλυψη των ελληνικών θέσεων για 
θέματα αρμοδιότητας Υπουργείου Δικαιοσύνης στην 
Ευρωπαϊκή Ένωση και στα άλλα διεθνή όργανα λήψης 
αποφάσεων, β) την παρακολούθηση της εξέλιξης των 
διακρατικών ρυθμίσεων και συμφωνιών αρμοδιότητας 
Υπουργείου Δικαιοσύνης και τη μέριμνα για την προσαρμογή της ελληνικής νομοθεσίας, γ) την υποβοήθηση 
του νομοπαρασκευαστικού έργου και την αντιμετώπιση 
κάθε θέματος που αφορά στην εφαρμογή του ενωσιακού 
και του διεθνούς δικαίου αρμοδιότητας του Υπουργείου 
Δικαιοσύνης, δ) τη διαμόρφωση και αποστολή απόψεων 
και παρατηρήσεων στη Βουλή των Ελλήνων επί των νομικών πράξεων που καταρτίζονται στην Ευρωπαϊκή Ένωση 
στο πλαίσιο ελέγχου της αρχής της επικουρικότητας και  ε) τη διατύπωση γνώμης επί προδικαστικών ερωτημάτων σε συνεργασία με το Αυτοτελές Τμήμα Ευρωπαϊκών 
και Διεθνών Σχέσεων."
Άρθρο 8,Γραφείο Συντονισμού Δημοσίων Πολιτικών,"α) το συντονισμό όλων των υπηρεσιών του Υπουργείου 
για τη σύνταξη του ετήσιου Σχεδίου Δράσης και την παρακολούθηση της εφαρμογής του, β) την υποστήριξη της πολιτικής ηγεσίας και των Γενικών και Ειδικών Γραμματέων του Υπουργείου κατά τη 
συμμετοχή τους στα αρμόδια κυβερνητικά όργανα ή 
υπερεθνικούς και διεθνείς οργανισμούς σε συνεργασία 
με τις αρμόδιες υπηρεσίες του Υπουργείου, γ) τον ορισμό υπηρεσιακών παραγόντων για τη συμμετοχή σε ομάδες εργασίας ή άλλα συλλογικά όργανα 
της Προεδρίας της Κυβέρνησης ή άλλων Υπουργείων ή 
του αυτού Υπουργείου, καθώς και την παρακολούθηση 
της δραστηριότητας των εκπροσώπων του Υπουργείου 
σε υπερεθνικούς ή διεθνείς οργανισμούς, συλλογικά 
όργανα, συνέδρια, φόρουμ σε συνεργασία με τις κατά 
περίπτωση αρμόδιες υπηρεσίες και  δ) τον συντονισμό των υπηρεσιών του Υπουργείου για 
την έγκαιρη σύνταξη κειμένων με τις προτεραιότητες του 
φορέα στο πλαίσιο της κατάρτισης της επεξηγηματικής 
έκθεσης του ΜΠΔΣ και της εισηγητικής έκθεσης του κρατικού προϋπολογισμού, την επικοινωνία αυτών στις αρμόδιες υπηρεσίες του Γενικού Λογιστηρίου του Κράτους 
και την κοινοποίηση στην Προεδρία της Κυβέρνησης."
Άρθρο 8,Γραφείο Νομικών και Κοινοβουλευτικών Θεμάτων,"α) τον συντονισμό των υπηρεσιών του Υπουργείου 
σχετικά με την εφαρμογή των αρχών και εργαλείων της 
Καλής Νομοθέτησης κατά τη νομοπαρασκευαστική και 
την κανονιστική διαδικασία καθώς και την αξιολόγηση 
των νομοθετικών και κανονιστικών ρυθμίσεων, β) τον συντονισμό των υπηρεσιών για την έγκαιρη 
και ουσιαστική ανταπόκριση του Υπουργείου στον κοινοβουλευτικό έλεγχο και για τις σχέσεις ευρύτερα του 
Υπουργείου με τη Βουλή και  γ) τον συντονισμό όλων των υπηρεσιών του Υπουργείου για τη διενέργεια διαβουλεύσεων επί σχεδίων νόμων 
ή κανονιστικών διαταγμάτων, καθώς και την οργάνωση 
και υποστήριξη Ομάδων Διαβούλευσης με κοινωνικούς 
φορείς και εκπροσώπους της κοινωνίας των πολιτών για 
κάθε θέμα αρμοδιότητας του Υπουργείου."
Άρθρο 9,Τμήμα Τεχνικών Υπηρεσιών,"αα) τη μέριμνα για τη στέγαση όλων των υπηρεσιών 
του Υπουργείου και τη σύνταξη τεχνικών χαρακτηριστικών και προδιαγραφών, όπου απαιτείται, για την προώθηση της τομεακής πολιτικής του Υπουργείου και την 
κάλυψη των αναγκών του, ββ) την παροχή οδηγιών προς τις πάσης φύσεως 
υπηρεσίες του Υπουργείου με στόχο την εφαρμογή της 
τομεακής πολιτικής αυτού αναφορικά με τις κτιριακές 
υποδομές και ειδικότερα, με οικοδομικά και ηλεκτρομηχανολογικά θέματα, γγ) την παρακολούθηση μελετών και έργων που άπτονται οικοδομικών θεμάτων, καθώς και το συντονισμό των 
εμπλεκόμενων υπηρεσιών και φορέων για την εκτέλεση 
αυτών, δδ) την παρακολούθηση εκτέλεσης τεχνικών εργασιών και προμήθειας τεχνικού εξοπλισμού και υλικών 
που άπτονται ηλεκτρομηχανολογικών και οικοδομικών 
θεμάτων, καθώς και το συντονισμό των εμπλεκόμενων 
υπηρεσιών και φορέων με εκτελεστικούς βραχίονες 
τις δικαστικές και λοιπές Υπηρεσίες αρμοδιότητας του 
Υπουργείου, εε) την εισήγηση και σύνταξη εγγράφων για την ένταξη 
στον προγραμματισμό και προϋπολογισμό της εταιρείας 
«Κτιριακές Υποδομές» Α.Ε. (Κτ.Υπ. Α.Ε.) μελετών και έργων που άπτονται ηλεκτρομηχανολογικών και οικοδομικών θεμάτων μετά από γνωμοδότηση των καθ’ ύλην 
αρμοδίων υπηρεσιών του Υπουργείου, στστ) τη σύνταξη κτιριολογικών προγραμμάτων για 
τη μεταστέγαση ή την ανανέωση συμβάσεων μίσθωσης 
στεγαζόμενων υπηρεσιών, ζζ) τη σύνταξη σε ετήσια βάση πρόβλεψης τριετούς 
προϋπολογισμού του ΤΑΧΔΙΚ για εκτελούμενα έργα από 
τις Περιφερειακές Ενότητες της χώρας ή άλλους δημόσιους φορείς που άπτονται ηλεκτρομηχανολογικών και 
οικοδομικών θεμάτων και βρίσκονται σε εξέλιξη ή προβλέπονται για απορρόφηση, ηη) τον ορισμό συνδέσμου του Υπουργείου με την 
Ελληνική Αστυνομία για όλα τα ζητήματα ασφαλείας των 
δικαστικών μεγάρων της Αθήνας, την παρακολούθηση 
των σχετικών ζητημάτων και τη λήψη κάθε απαραίτητου 
μέτρου αρμοδιότητας του Υπουργείου."
Άρθρο 9,Τμήμα Τεχνικής Υποστήριξης,"αα) τη μέριμνα για τη συντήρηση, την επισκευή, τον 
καθαρισμό, τη φύλαξη και ασφάλεια του κεντρικού κτιρίου του Υπουργείου, καθώς και την εν γένει καλή κατάσταση και λειτουργία όλων των εγκαταστάσεων και 
υποδομών του πλην των υποδομών δικτύων,  ββ) την απογραφή, αξιοποίηση, καλή λειτουργία και 
συντήρηση του υλικού, των μηχανημάτων και εφοδίων 
του κεντρικού κτιρίου του Υπουργείου, καθώς και την 
απομάκρυνση όσων χαρακτηρίζονται ως άχρηστα ή 
ακατάλληλα πλην του εξοπλισμού πληροφορικής και 
επικοινωνιών, γγ) τη μέριμνα για την κίνηση, συντήρηση και επισκευή 
των οχημάτων του Υπουργείου, δδ) την τήρηση και διαχείριση της “Αποθήκης Υλικού 
Α” για τα υλικά που εμπίπτουν στην αρμοδιότητα του 
Τμήματος και την καταγραφή εισερχομένων - εξερχομένων υλικών."
Άρθρο 10,Τμήμα Διαλειτουργικότητας και Οριζόντιων Δράσεων ΤΠΕ,"αα) την ανάλυση, το σχεδιασμό και την παρακολούθηση της υλοποίησης της διασύνδεσης και διαλειτουργικότητας των πληροφοριακών συστημάτων του Υπουργείου 
με πληροφοριακά συστήματα του ιδίου φορέα και λοιπών φορέων σε εθνικό και ευρωπαϊκό επίπεδο, ββ) την ανάλυση και την αξιολόγηση της λειτουργίας 
και της απόδοσης των πληροφοριακών συστημάτων του 
Υπουργείου και την εισήγηση μέτρων για την απλούστευση και τον ανασχεδιασμό διοικητικών διαδικασιών 
σε συνεργασία με τις συναρμόδιες αρμόδιες υπηρεσίες, γγ) τη δημιουργία μητρώου παρεχόμενων ηλεκτρονικών υπηρεσιών του Υπουργείου, τη συγκέντρωση 
στοιχείων χρήσης αυτών και την εισήγηση μέτρων ολοκλήρωσής τους, δδ) την εποπτεία στη διενέργεια και επικαιροποίηση 
της Απογραφής του Μητρώου Ψηφιακής Υποδομής 
συστημάτων από τους εποπτευόμενους φορείς του 
Υπουργείου, εε) την προώθηση και υποστήριξη οριζόντιων δράσεων ΤΠΕ που αφορούν στον περιορισμό της γραφειοκρατίας, όπως τα συστήματα ψηφιακής υπογραφής, 
ηλεκτρονικής διαχείρισης εγγράφων, δικτύων και τηλεπικοινωνιών της δημόσιας διοίκησης και συστημάτων 
παροχής ηλεκτρονικών υπηρεσιών σε πολίτες, επιχειρήσεις και φορείς της δημόσιας διοίκησης, στστ) τη μέριμνα για την εφαρμογή του νομικού και θεσμικού πλαισίου Προστασίας Προσωπικών Δεδομένων 
κατά το σκέλος που αφορά στον χειρισμό των βάσεων 
δεδομένων της Κεντρικής Υπηρεσίας του Υπουργείου 
και στην προστασία των προσωπικών δεδομένων που 
τυγχάνουν επεξεργασίας μέσω αυτών σε συνεργασία με 
τις κατά περίπτωση αρμόδιες υπηρεσίες του Υπουργείου, ζζ) τη μέριμνα για την εφαρμογή της νομοθεσίας και 
την ορθή εκτέλεση των διαδικασιών στα πληροφοριακά συστήματα σε συνεργασία με τις κατά περίπτωση 
αρμόδιες υπηρεσίες, ηη) την υποστήριξη των χρηστών, το συντονισμό και 
τη μέριμνα σε ό,τι αφορά σε ανοικτά δεδομένα (open data) καθώς και τη διασφάλιση της ποιότητας αυτών 
(όπως οι πλατφόρμες data.gov.gr και geodata.gov.gr), θθ) την υποστήριξη της διαχείρισης του συστήματος 
αναρτήσεων στη ΔΙΑΥΓΕΙΑ, ιι) την υποστήριξη της διαχείρισης και επικαιροποίησης της διαδικτυακής πύλης της Ευρωπαϊκής Ηλεκτρονικής Δικαιοσύνης και της Ενιαίας Ψηφιακής Πύλης σε 
συνεργασία με τις κατά περίπτωση αρμόδιες υπηρεσίες, ιαια) τη συνδρομή στην παραγωγή στατιστικών στοιχείων εθνικής εμβέλειας αρμοδιότητας του Υπουργείου, ιβιβ) την εκπαίδευση και την ενημέρωση των χρηστών 
της Κεντρικής Υπηρεσίας του Υπουργείου στη χρήση 
συστημάτων ΤΠΕ σε συνεργασία με τις κατά περίπτωση 
αρμόδιες υπηρεσίες, ιγιγ) τη μέριμνα για τη σύνταξη εγχειριδίων οδηγιών 
και χρήσης συστημάτων ΤΠΕ στην Κεντρική Υπηρεσία 
του Υπουργείου σε συνεργασία με τις κατά περίπτωση 
αρμόδιες υπηρεσίες, ιδιδ) την καταγραφή και τη διαρκή ενημέρωση των 
καταλόγων των στελεχών του Υπουργείου, οι οποίοι 
αναλαμβάνουν διακριτούς ρόλους συντονιστών, διαχειριστών, χρηστών ΚΛΠ#. σε οριζόντιες δράσεις ΤΠΕ, ιειε) την ανάπτυξη με ίδια μέσα εφαρμογών μικρής εμβέλειας και την αξιοποίηση λογισμικού ανοικτού κώδικα."
Άρθρο 10,Τμήμα Σχεδιασμού και Ανάπτυξης Έργων ΤΠΕ,"αα) τον τεχνοοικονομικό σχεδιασμό και τη συστηματική μελέτη νέων έργων ΤΠΕ του Υπουργείου και των 
εποπτευόμενων φορέων του, την τεχνολογική τους ωρίμανση και την προώθησή τους για υλοποίηση προς τα 
αρμόδια επιτελικά και συντονιστικά όργανα, ββ) την κατάρτιση και την υποβολή προτάσεων έργων e-justice χρηματοδοτούμενων από την Ευρωπαϊκή 
Ένωση σε συνεργασία με τις κατά περίπτωση αρμόδιες 
υπηρεσίες για την τεχνική διοίκηση και υλοποίηση των 
έργων αυτών, γγ) τη σύνταξη προδιαγραφών σε συνεργασία με τις 
κατά περίπτωση αρμόδιες υπηρεσίες για τον ανασχεδιασμό και τη βελτιστοποίηση της απόδοσης των πληροφοριακών συστημάτων και υφιστάμενων έργων ΤΠΕ, 
όπου αυτό απαιτείται, για την προσαρμογή τους σε νέα 
νομοθετικά, ρυθμιστικά, επιχειρησιακά και τεχνολογικά 
δεδομένα, δδ) τη σύνταξη τεχνικών προδιαγραφών εξοπλισμού 
και λογισμικού προμήθειας συστημάτων και υπηρεσιών 
ΤΠΕ καθώς και συμβατικών τεχνικών όρων ανάθεσης και 
εκτέλεσης έργων ΤΠΕ που αφορούν στην εγκατάσταση 
και λειτουργία πληροφοριακών συστημάτων του Υπουργείου και των εποπτευόμενων φορέων του, εε) την παρακολούθηση της ορθής εκτέλεσης έργων 
ΤΠΕ σε συνεργασία με τις κατά περίπτωση αρμόδιες 
υπηρεσίες, στστ) την τεχνοοικονομική αξιολόγηση αιτημάτων 
προμήθειας υπολογιστικού, δικτυακού και πάσης φύσεως λοιπού τεχνολογικού εξοπλισμού, συστημικού λογισμικού και εφαρμογών ΤΠΕ που αφορούν στην Κεντρική Υπηρεσία του Υπουργείου και τους εποπτευόμενους 
φορείς του, ζζ) την κατάρτιση και υποβολή τεχνικών δελτίων, τη 
συνδιαμόρφωση τευχών διακηρύξεων και συμβάσεων 
σε συνεργασία με τις κατά περίπτωση αρμόδιες υπηρεσίες συγχρηματοδοτούμενων και λοιπών χρηματοδοτικών 
μηχανισμών έργων ΤΠΕ, ηη) την ανάλυση τεχνικών απαιτήσεων, την κατάρτιση 
ερωτηματολογίων, τις επιτόπιες μελέτες αποτύπωσης 
εγκαταστάσεων, τις τεχνοοικονομικές μελέτες σκοπιμότητας, τη διαστασιολόγηση υλικών και άυλων πόρων και 
την παροχή τεχνικής βοήθειας στις παραλαβές έργων 
ΤΠΕ του Υπουργείου σε συνεργασία με τις κατά περίπτωση αρμόδιες υπηρεσίες, θθ) τη σύνταξη οδηγιών, εγκυκλίων, κανόνων επιχειρησιακών ροών, τεχνικών αναλύσεων και αναφορών 
για την ορθή εκτέλεση και παραλαβή όλων των έργων 
ΤΠΕ σε συνεργασία με τις κατά περίπτωση αρμόδιες 
υπηρεσίες, ιι) τη σύνταξη ειδικών τεχνικών μελετών και μελετών 
σκοπιμότητας μετάβασης του Υπουργείου σε αναδυόμενες νέες τεχνολογίες και οριζόντια έργα ΤΠΕ ή/και 
διεύρυνσης της συμμετοχής του σε υφιστάμενες σε συνεργασία με τις κατά περίπτωση αρμόδιες υπηρεσίες, ιαια) τον επιχειρησιακό σχεδιασμό για την εφαρμογή 
υλοποίησης δικτύων και τηλεπικοινωνιών της δημόσιας 
διοίκησης (όπως το δίκτυο ΣΥΖΕΥΞΙΣ) στο Υπουργείο και 
στους εποπτευόμενους φορείς του και την τήρηση - επικαιροποίηση του αντίστοιχου Μητρώου Πληροφοριών, ιβιβ) τη συμμετοχή σε έργα και καινοτόμα προγράμματα ΤΠΕ ακαδημαϊκού, ερευνητικού ή/και επιχειρησιακού 
ενδιαφέροντος τόσο στην Ελλάδα όσο και στο εξωτερικό, ιγιγ) τη συνδρομή Ομάδων Διοίκησης Έργων και πάσης 
φύσεως επιτροπών στην κατάρτιση και εξειδίκευση τεχνικών και λειτουργικών απαιτήσεων έργων ΤΠΕ, καθώς 
και μέτρων για τη διασφάλιση των ψηφιακών δεδομένων 
τους από μη νόμιμες μεταβολές, αλλοιώσεις και χρήσεις, ιδιδ) την εισήγηση και το σχεδιασμό νέων προγραμμάτων τεχνικής εκπαίδευσης για τους χρήστες των 
πληροφοριακών συστημάτων του Υπουργείου και των 
εποπτευόμενων φορέων του σε συνεργασία με τις κατά 
περίπτωση αρμόδιες υπηρεσίες μέσω του Ινστιτούτου 
Επιμόρφωσης (ΙΝ.ΕΠ) του Εθνικού Κέντρου Δημόσιας 
Διοίκησης και Αυτοδιοίκησης (ΕΚΔΔΑ), ιειε) τον ορισμό τεχνικών υπευθύνων έργων ΤΠΕ."
Άρθρο 10,Τμήμα Λειτουργίας και Υποστήριξης Πληροφοριακών Συστημάτων και Υπηρεσιών,"αα) τη διαχείριση, διαθεσιμότητα και παρακολούθηση καλής λειτουργίας κεντρικού υπολογιστικού, δικτυακού και πάσης φύσεως λοιπού εξοπλισμού, έτοιμου 
λογισμικού, εφαρμογών πληροφοριακών συστημάτων 
και υποδομών του κέντρου δεδομένων της Κεντρικής 
Υπηρεσίας του Υπουργείου Δικαιοσύνης, ββ) την εγκατάσταση και παραμετροποίηση περιφερειακού εξοπλισμού στην Κεντρική Υπηρεσία του 
Υπουργείου, γγ) την υποστήριξη των χρηστών για την καλή λειτουργία του περιφερειακού εξοπλισμού, έτοιμου λογισμικού 
και εφαρμογών καθώς και την αντιμετώπιση προβλημάτων κατά τη λειτουργία τους, δδ) τη μέριμνα για τον εντοπισμό και διαχείριση κινδύνων αναφορικά με θέματα ασφαλείας στα συστήματα 
και υποδομές της Κεντρικής Υπηρεσίας του Υπουργείου 
και την εισήγηση για την αντιμετώπιση/βελτίωση αυτών, εε) τη μέριμνα για την ασφάλεια του κέντρου δεδομένων και την εξασφάλιση καλής λειτουργίας των υποστηρικτικών του δομών καθώς και για τον σχεδιασμό και την 
υλοποίηση διατάξεων ειδοποίησης ορθής λειτουργίας 
των πληροφοριακών συστημάτων και των υποδομών 
της Κεντρικής Υπηρεσίας του Υπουργείου, στστ) τη μέριμνα για τον σχεδιασμό, την εφαρμογή και 
τη διαχείριση πολιτικών και διαδικασιών διασφάλισης 
και εξασφάλισης δεδομένων καθώς και της λήψης και 
τήρησης αντιγράφων ασφαλείας στα πληροφοριακά 
συστήματα της Κεντρικής Υπηρεσίας του Υπουργείου, ζζ) τη συνεργασία με τις αρμόδιες Ανεξάρτητες και 
Ρυθμιστικές Αρχές στο πεδίο της ασφάλειας,  ηη) την καθοδήγηση των χρηστών των πληροφοριακών 
συστημάτων για την ορθή εφαρμογή της πολιτικής ασφαλείας των συστημάτων και δικτύων πληροφορικής και 
επικοινωνιών της Κεντρικής Υπηρεσίας του Υπουργείου, θθ) τη μέριμνα για τη διαθεσιμότητα εφεδρικών εξυπηρετητών και την υλοποίηση σχεδίου θέσης τους σε 
παραγωγική λειτουργία, την εφαρμογή σχεδίου αποκατάστασης και επαναφοράς εξυπηρετητών που τίθενται 
εκτός λειτουργίας καθώς και την υλοποίηση σχεδίου 
αποκατάστασης ζημιών, ιι) τη μέριμνα για την απομάκρυνση του αποσυρόμενου εξοπλισμού των πληροφοριακών συστημάτων, ιαια) τη συνεργασία με τις κατά περίπτωση αρμόδιες 
υπηρεσίες για την εισήγηση και σύνταξη τεχνικών προδιαγραφών αναφορικά με την αναβάθμιση/επέκταση υπολογιστικού, δικτυακού και πάσης φύσεως λοιπού εξοπλισμού, έτοιμου λογισμικού, εφαρμογών πληροφοριακών 
συστημάτων και υποδομών του κέντρου δεδομένων της 
Κεντρικής Υπηρεσίας του Υπουργείου, ιβιβ) την εισήγηση για την επισκευή υπολογιστικού, δικτυακού και πάσης φύσεως λοιπού εξοπλισμού, έτοιμου 
λογισμικού, εφαρμογών πληροφοριακών συστημάτων 
και υποδομών του κέντρου δεδομένων της Κεντρικής 
Υπηρεσίας του Υπουργείου καθώς και για την παροχή 
υπηρεσιών από εξωτερικό φορέα με σκοπό την εύρυθμη 
λειτουργία του, ιγιγ) την παρακολούθηση της πορείας εκτέλεσης 
συμβάσεων συντήρησης/υποστήριξης με αναδόχους 
παροχής συστημάτων, υποδομών και υπηρεσιών πληροφορικής και επικοινωνιών και παροχή βεβαίωσης καλής 
ή μη εκτέλεσής τους, ιδιδ) τον σχεδιασμό, εφαρμογή και διαχείριση ιεραρχικών δομών ομαδοποίησης και κατηγοριοποίησης των 
χρηστών, των πόρων και υπηρεσιών των πληροφοριακών συστημάτων της Κεντρικής Υπηρεσίας του Υπουργείου καθώς και την εφαρμογή και διαχείριση δικαιωμάτων πρόσβασης στους πόρους και τις υπηρεσίες αυτών, ιειε) την τεχνική διαχείριση και εκμετάλλευση των 
δικτύων και τηλεπικοινωνιών της Δημόσιας Διοίκησης 
(όπως το δίκτυο ΣΥΖΕΥΞΙΣ), ιστιστ) την τήρηση και επικαιροποίηση του Μητρώου Ψηφιακής Υποδομής συστημάτων με τον εξοπλισμό, 
έτοιμο λογισμικό, εφαρμογές και μητρώα της Κεντρικής 
Υπηρεσίας του Υπουργείου, ιζιζ) τη διενέργεια τακτικών προληπτικών ελέγχων στα 
συστήματα της Κεντρικής Υπηρεσίας του Υπουργείου, 
τη σύνταξη σχετικών αναφορών, όπου υποδεικνύονται 
οι απαιτούμενες διορθωτικές επεμβάσεις και τον έλεγχο 
της εφαρμογής τους, ιηιη) τη διαχείριση και ενημέρωση του περιεχομένου 
των διαδικτυακών πυλών των κεντρικών πληροφοριακών συστημάτων της Κεντρικής Υπηρεσίας του Υπουργείου καθώς και της ιστοσελίδας του Υπουργείου. ιθιθ) τη συνδρομή Ομάδων Διοίκησης Έργων Ηλεκτρονικής Δικαιοσύνης στη λειτουργία και υποστήριξη 
κεντρικών πληροφοριακών συστημάτων."
Άρθρο 11,Αυτοτελές Τμήμα Ευρωπαϊκών και Διεθνών Σχέσεων,"α) στην εισήγηση προς την πολιτική ηγεσία και την 
υποστήριξή της σχετικά με τις θέσεις της χώρας στα αρμόδια ευρωπαϊκά και διεθνή όργανα, β) στην προετοιμασία συμμετοχής των Ελλήνων 
Υπουργών στα Συμβούλια Υπουργών της Ευρωπαϊκής 
Ένωσης και στη συνεργασία με τις μόνιμες ελληνικές 
αντιπροσωπείες, γ) στην υποστήριξη των διακρατικών σχέσεων σε θέματα αρμοδιότητας του Υπουργείου, δ) στην υποβολή προτάσεων για την προετοιμασία, 
διοργάνωση και υποστήριξη διμερών ή πολυμερών συναντήσεων και διαπραγματεύσεων μεταξύ της ελληνικής 
πολιτικής ηγεσίας με ξένους ομολόγους και την κατά 
περίπτωση υποστήριξη των αρμοδίων Υπηρεσιών του 
Υπουργείου για την υπογραφή Διμερών Συμφωνιών και 
Μνημονίων Διοικητικής Συνεργασίας στους τομείς αρμοδιότητας του καθώς και τη μέριμνα για την κύρωση 
αυτών των Συμφωνιών από το ελληνικό Κοινοβούλιο, ε) στη διασφάλιση της διϋπουργικής συνεργασίας για 
διεθνή ή ευρωπαϊκά θέματα αρμοδιότητας του Υπουργείου, όπου απαιτείται, στ) στην οργάνωση συναντήσεων και εκδηλώσεων 
που εμπίπτουν στο πλαίσιο των αρμοδιοτήτων του 
Υπουργείου σχετικά με διεθνή και ευρωπαϊκά θέματα, ζ) στη συνεργασία με τις αρμόδιες υπηρεσίες του 
Υπουργείου για την εκπλήρωση των οικονομικών υποχρεώσεων της χώρας έναντι των αρμοδίων Ευρωπαϊκών 
και Διεθνών Οργανισμών και φορέων, κυρίως σε θέματα 
καταβολής των εθνικών εισφορών καθώς επίσης και για 
δαπάνες συμμετοχής σε προγράμματα αναπτυξιακής βοήθειας που προωθούνται από το Υπουργείο Εξωτερικών, η) στην επιμέλεια και διενέργεια προπαρασκευαστικών ενεργειών στο πεδίο της διεξαγωγής αξιολογήσεων 
που απορρέουν από μηχανισμούς ελέγχου της Ευρωπαϊκής Ένωσης και των διεθνών οργανισμών, θ) στην ενημέρωση της Υπηρεσίας Συντονισμού και 
τη συνεργασία μαζί της για την παρακολούθηση της 
δραστηριότητας των εκπροσώπων του Υπουργείου σε 
υπερεθνικούς ή διεθνείς οργανισμούς, σε συνεργασία 
με τις κατά περίπτωση αρμόδιες υπηρεσίες.
"
Άρθρο 13,Τμήμα Προϋπολογισμού και Δημοσιονομικών Αναφορών,"αα) στην προετοιμασία, κατάρτιση και παρακολούθηση του ετήσιου τακτικού προϋπολογισμού και των 
προβλέψεων του Μεσοπρόθεσμου Πλαισίου Δημοσιονομικής Στρατηγικής (ΜΠΔΣ) του Υπουργείου βάσει 
της κείμενης νομοθεσίας και των εγκυκλίων του Γενικού 
Λογιστηρίου του Κράτους, ββ) στην επεξεργασία και υποβολή προτάσεων προς 
το Υπουργείο Οικονομικών για την ένταξη διοικητικών 
δράσεων του Υπουργείου στο Πρόγραμμα Δημοσίων 
Επενδύσεων (ΠΔΕ), γγ) στην παροχή τριμηνιαίων οικονομικών στοιχείων 
στο πλαίσιο του μνημονίου συνεργασίας με την Ελληνική 
Στατιστική Αρχή (ΕΛΣΤΑΤ), δδ) στον ορισμό των δημοσίων υπολόγων και διαχειριστών, εε) στη διασφάλιση εξεύρεσης των απαιτούμενων πόρων για την ωρίμανση και υλοποίηση των έργων, στστ) στην έγκριση του προϋπολογισμού και του 
απολογισμού των εποπτευόμενων από το Υπουργείο 
Δικαιοσύνης φορέων, ζζ) στην εποπτεία του Ταμείου Χρηματοδότησης Δικαστικών Κτιρίων (ΤΑΧΔΙΚ), ηη) στη διασφάλιση ότι οι στόχοι που καθορίζονται 
στους προϋπολογισμούς των εποπτευόμενων φορέων 
συμβαδίζουν με τους στόχους της δημοσιονομικής πολιτικής, θθ) στη διασφάλιση ότι οι προϋπολογισμοί και τα οικονομικά στοιχεία που υποβάλλονται από τους εποπτευόμενους φορείς είναι αξιόπιστοι και ότι αντανακλούν την 
οικονομική πραγματικότητα των φορέων, ιι) στην παρακολούθηση της οικονομικής διαχείρισης 
των εποπτευόμενων φορέων και την ανάλυση και επεξεργασία των οικονομικών τους δεδομένων, ιαια) στον έλεγχο των επιχορηγήσεων που παρέχονται 
σε εποπτευόμενους φορείς, ιβιβ) στην έγκαιρη κοινοποίηση εγκυκλίων για την οικονομική διαχείριση των εποπτευόμενων φορέων, ιγιγ) στον έλεγχο της οικονομικής απόδοσης, περιλαμβανομένων ελλειμμάτων και οφειλών, των εποπτευόμενων φορέων σε τακτική (τριμηνιαία/μηνιαία) βάση, ιδιδ) στη συμμετοχή στην έκδοση κανονιστικών πράξεων που αφορούν ή επηρεάζουν τη δημοσιονομική 
διαχείριση, ιειε) στην προετοιμασία και την προώθηση σχεδίων, 
συμπεριλαμβανομένων και σχεδίων νόμων που αφορούν σε διαχείριση ή παροχή κρατικών πόρων και ενδέχεται να εμπεριέχουν στοιχεία κρατικής ενίσχυσης με την 
έννοια του άρθρου 107.1 της Συνθήκης για τη Λειτουργία 
της Ευρωπαϊκής Ένωσης (ΣΛΕΕ), για γνωμοδότηση ή και 
έγκριση από την Κεντρική Μονάδα Κρατικών Ενισχύσεων του Υπουργείου Οικονομικών (ΚεΜΚΕ), ιστιστ) στην υποβολή προτάσεων διόρθωσης και 
βελτίωσης των σχεδίων που προετοιμάζονται από 
υπηρε σίες του Υπουργείου πριν την προώθηση τους 
στην ΚεΜΚΕ, ιζιζ) στην εποπτεία και την υποστήριξη των φορέων 
αρμοδιότητας του Υπουργείου σε ό,τι αφορά στην τήρηση των κανόνων κρατικών ενισχύσεων κατά την προετοιμασία και την υλοποίηση μέτρων που εμπεριέχουν 
στοιχεία κρατικής ενίσχυσης, ιηιη) την έγκριση όλων των σχεδίων κρατικών ενισχύσεων που δεν απαιτούν κοινοποίηση, ιθιθ) στην παροχή στην ΚεΜΚΕ κάθε είδους βοή θειας 
και υποστήριξης σε περίπτωση κοινοποίησης ενός σχεδίου από την ΚεΜΚΕ στην Ευρωπαϊκή Επιτροπή ή σε περίπτωση αιτήματος της Ε.Ε. για παροχή πληροφοριών επί 
μέτρων κρατικής ενίσχυσης αρμοδιότητάς της, κκ) στη μέριμνα για την καταχώριση των σχεδίων στο 
ηλεκτρονικό σύστημα SΑΝΙ, κακα) την υποχρέωση ηλεκτρονικής υποβολής της 
ετήσιας έκθεσης κρατικών ενισχύσεων μέσω του διαδραστικού συστήματος SΑRΙ, κβκβ) στη μέριμνα για την ενημέρωση του μητρώου 
παρακολούθησης κρατικών ενισχύσεων κατά την κείμενη νομοθεσία, κγκγ) στην εποπτεία για την εφαρμογή των αποφάσεων ανάκτησης παράνομων κρατικών ενισχύσεων που 
έχουν χορηγηθεί από το Υπουργείο ή τους εποπτευόμενους φορείς αρμοδιότητάς του με βάση τις οδηγίες της 
ΚεΜΚΕ και την παροχή όλων των απαραίτητων στοιχείων 
στην ΚεΜΚΕ για την υποβολή τους στην Ε.Ε. 
Ειδικότερα:"
Άρθρο 13,##Διεύθυνση Προϋπολογισμού και Οικονομικής Διαχείρισης,"α) στην υποστήριξη των φορέων χορήγησης παράνομων ενισχύσεων που χρήζουν ανάκτησης κατά τον 
προσδιορισμό των ωφελούμενων επιχειρήσεων, των 
ποσών και των τόκων ανά ωφελούμενο που πρέπει να 
ανακτηθούν, β) στη μέριμνα ώστε ο φορέας χορήγησης της ενίσχυσης να προβεί εξαρχής σε όλες τις απαραίτητες ενέργειες μέχρι και την τελική ανάκτηση των παρανόμως 
χορηγηθεισών κρατικών ενισχύσεων (π.χ. εγγραφή σε πίνακα απαιτήσεων για δικαιούχους που έχουν ενταχθεί σε καθεστώς πτώχευσης ΚΛΠ#.), κδκδ) στη σύνταξη του μνημονίου συνεργασίας με 
τις αρμόδιες Υπηρεσίες του Γενικού Λογιστηρίου του 
Κράτους και την παρακολούθηση των τριμηνιαίων στόχων εκτέλεσης του Προϋπολογισμού σύμφωνα με τα 
οριζόμενα στις κείμενες διατάξεις, κεκε) στη σύνταξη και την παρακολούθηση των προβλεπόμενων από την κείμενη νομοθεσία Μνημονίων 
Συνεργασίας που δύνανται να συνάπτονται μεταξύ του 
Υπουργείου και των εποπτευόμενων φορέων του, κστκστ) στην παραγωγή στο Ολοκληρωμένο Πληροφοριακό Σύστημα Δημοσιονομικής Πολιτικής (ΟΠΣΔΠ) 
ηλεκτρονικών εντολών μεταφοράς και πίστωσης λογαριασμού προς την Τράπεζα της Ελλάδος για την εξόφληση 
των εκδιδόμενων χρηματικών ενταλμάτων με πίστωση των 
τραπεζικών λογαριασμών των δικαιούχων και την απόδοση 
των διενεργούμενων κρατήσεων υπέρ τρίτων σε αυτούς, κζκζ) στη μέριμνα για τη διενέργεια συμψηφισμών 
και απόδοση στο Δημόσιο και στα οικεία ασφαλιστικά 
ταμεία των οφειλών των δικαιούχων που αναγράφονται 
στις σχετικές βεβαιώσεις φορολογικών και ασφαλιστικών οφειλών, κηκη) στην ενημέρωση των δικαιούχων και των φορέων για την έκδοση χρηματικών ενταλμάτων και την 
πληρωμή των δικαιούχων, κθκθ) στην καταχώριση στοιχείων και την τήρηση των 
Μητρώων Κατασχέσεων και Εκχωρήσεων, λλ) στην άσκηση των διοικητικών ενεργειών για την 
απαλλοτρίωση γηπέδων, την εξεύρεση ακινήτων για την 
ανέγερση δικαστικών μεγάρων και τη διατήρηση και 
ενημέρωση αρχείου ακινήτων του Υπουργείου, λαλα) στην υποβολή προτάσεων για την κατάρτιση 
του προϋπολογισμού εσόδων."
Άρθρο 13,Τμήμα Εκτέλεσης Προϋπολογισμού και Εκκαθάρισης Δαπανών,"αα) στην τήρηση του Μητρώου Δεσμεύσεων Τακτικού Προϋπολογισμού και την υποβολή αρμοδίως των 
σχετικών αναφορών, ββ) στην κατάρτιση του σχεδίου απόφασης ανάληψης υποχρέωσης κατόπιν τεκμηριωμένου αιτήματος 
του διατάκτη και καταχώριση των αναλαμβανόμενων 
δεσμεύσεων στα οικεία λογιστικά βιβλία και στο Μητρώο 
Δεσμεύσεων, γγ) στον έλεγχο τήρησης των περί ανάληψης υποχρεώσεων διατάξεων και την παροχή βεβαίωσης επί των 
σχεδίων των σχετικών πράξεων για την ύπαρξη της 
απαιτούμενης πίστωσης και για τη μη υπέρβαση του 
οριζόμενου κάθε φορά από το αρμόδιο όργανο ποσοστού διάθεσης της πίστωσης, δδ) στη σύνταξη έκθεσης προς την αρμόδια Δημοσιονομική Υπηρεσία Εποπτείας και Ελέγχου (ΔΥΕΕ) σύμφωνα με τις κείμενες διατάξεις, εε) στον έλεγχο και εκκαθάριση δαπανών με βάση τα 
πλήρη και νόμιμα δικαιολογητικά αυτών, στστ) στην έκδοση τίτλου για την πληρωμή των δαπανών μέσα στα καθοριζόμενα κατά μήνα όρια πληρωμών 
και εντός των προβλεπομένων προθεσμιών από το ενωσιακό και εθνικό κανονιστικό πλαίσιο, ζζ) στη σύνταξη έκθεσης επί διαφωνιών με το διατάκτη κατά την κείμενη νομοθεσία και την υποβολή/
κοινοποίησή της μετά του σχετικού φακέλου στην αρμόδια υπηρεσία σύμφωνα με τα οριζόμενα στις κείμενες διατάξεις, ηη) στη σύνταξη έκθεσης προς την αρμόδια Υπηρεσία 
προκειμένου να κινηθεί η προβλεπόμενη από τις κείμενες διατάξεις διαδικασία του επιτόπιου ελέγχου, θθ) στην ορθολογική αξιοποίηση των πόρων του 
Υπουργείου βάσει των γενικών αρχών και κανόνων για 
τη δημοσιονομική διαχείριση, ιι) στην έκδοση και τακτοποίηση των χρηματικών 
ενταλμάτων προπληρωμής, ιαια) στην εισήγηση αρμοδίως για καταλογισμό δημόσιου υπολόγου καθώς και λήπτη αχρεώστητης πληρωμής, ιβιβ) στη μέριμνα για την αποτροπή συσσώρευσης 
οφειλών, ιγιγ) στην τήρηση των λογιστικών βιβλίων που προβλέπονται από τις ισχύουσες διατάξεις, ιδιδ) στην καταχώριση των στοιχείων των δικαιούχων 
δαπανών και την τήρηση του μητρώου αυτών, ιειε) στην αποκατάσταση πάγιων προκαταβολών, ιστιστ) στην έκδοση επιτροπικών ενταλμάτων για τη 
μεταβίβαση πιστώσεων στους δευτερεύοντες διατάκτες, ιζιζ) στην παρακολούθηση μηνιαίως σε ξεχωριστή 
κατάσταση των εγγραφών που γίνονται στα λογιστικά 
βιβλία του φορέα για κάθε δευτερεύοντα διατάκτη, ιηιη) στην παρακολούθηση του βιβλίου υπολόγων και 
την εισήγηση στον προϊστάμενο της Γενικής Διεύθυνσης 
Οικονομικών Υπηρεσιών (ΓΔΟΥ) για την έκδοση εντολών 
προς τους οικείους εκκαθαριστές αποδοχών για την επίσχεση των αποδοχών δημόσιων υπολόγων που καθυστερούν την απόδοση λογαριασμού καθώς και εισήγηση 
στον αρμόδιο Επίτροπο του Ελεγκτικού Συνεδρίου για 
τον καταλογισμό του υπερήμερου υπολόγου σύμφωνα 
με τις κείμενες διατάξεις, ιθιθ) στην εκτέλεση δικαστικών αποφάσεων και κοινοποίηση στην αρμόδια Δημοσιονομική Υπηρεσία Εποπτείας και Ελέγχου (Δ.Υ.Ε.Ε.) των δικαστικών αποφάσεων 
από τις οποίες προκύπτει επιβάρυνση στον προϋπολογισμό του φορέα, κκ) την τήρηση Μητρώου Δεσμεύσεων Προγράμματος 
Δημοσίων Επενδύσεων, κακα) στην έκδοση συμψηφιστικών ενταλμάτων (τακτικών και προπληρωμής) για την εμφάνιση των εξόδων 
που βαρύνουν το Πρόγραμμα Δημοσίων Επενδύσεων 
στη δημόσια ληψοδοσία καθώς και την έκδοση λοιπών 
συμψηφιστικών χρηματικών ενταλμάτων, όπου προβλέπεται."
Άρθρο 13,Τμήμα Μισθοδοσίας,"αα) στην εκκαθάριση των αποδοχών και κάθε είδους 
αμοιβών των δικαστικών λειτουργών και των ιατροδικαστών των υπηρεσιών αρμοδιότητας του Υπουργείου, ββ) στην τήρηση μισθολογικών μητρώων, γγ) στην έκδοση εκκαθαριστικών βεβαιώσεων, βεβαιώσεων αποδοχών και φορολογικών βεβαιώσεων, δδ) στην έκδοση βεβαιώσεων οικονομικών στοιχείων 
προς τις αρμόδιες Υπηρεσίες, προκειμένου να αντικρούουν αγωγές, αιτήσεις ακύρωσης ΚΛΠ#. των προσώπων 
που αναφέρονται στο στοιχ. αα’, εε) στην έκδοση και αποστολή στατιστικών στοιχείων 
σχετικά με την μισθοδοσία των προσώπων που αναφέρονται στο στοιχ. αα’, στστ) στην αποστολή στοιχείων στην Ενιαία Αρχή Πληρωμής και σε άλλους οργανισμούς, ζζ) στην ανάρτηση Αναλυτικών Περιοδικών Δηλώσεων 
(ΑΠΔ), ηη) στην παροχή βεβαίωσης επί των πράξεων διορισμών, εντάξεων, μετατάξεων, αποσπάσεων και προαγωγών του προσωπικού κάθε κατηγορίας του Υπουργείου 
για την ύπαρξη σχετικών προβλέψεων στον προϋπολογισμό του, θθ) στην εκτέλεση αποφάσεων που αφορούν αργίες - 
διαθεσιμότητες ΚΛΠ#., ιι) στην έκδοση Δελτίων Ατομικής και Υπηρεσιακής 
Κατάστασης και σχετικών βεβαιώσεων που αφορούν 
στη συνταξιοδότηση, ιαια) στη χορήγηση βεβαιώσεων σε εν ενεργεία και 
συνταξιούχους σχετικά με εξαγορές στρατού, προϋπηρεσίας ΚΛΠ#., ιβιβ) στην κατάρτιση του σχεδίου απόφασης ανάληψης υποχρεώσεων κατόπιν τεκμηριωμένου αιτήματος 
του διατάκτη και καταχώριση των αναλαμβανόμενων 
δεσμεύσεων στα οικεία λογιστικά βιβλία και στο Μητρώο 
Δεσμεύσεων σύμφωνα με τις διατάξεις της κείμενης νομοθεσίας περί ανάληψης υποχρεώσεων από τον διατάκτη για δαπάνες αρμοδιότητας του Τμήματος, ιγιγ) στην έκδοση τίτλου για την πληρωμή δαπανών 
σε συνεργασία με την Ενιαία Αρχή Πληρωμών μέσα στα 
καθοριζόμενα κατά μήνα όρια πληρωμών και εντός των 
προβλεπομένων προθεσμιών από το ενωσιακό και εθνικό κανονιστικό πλαίσιο, ιδιδ) στη σύνταξη έκθεσης επί διαφωνιών με το διατάκτη κατά τη διενέργεια ελέγχου νομιμότητας και κανονικότητας των δαπανών αρμοδιότητας του Τμήματος 
σύμφωνα με την ισχύουσα νομοθεσία, ιειε) στη σύνταξη έκθεσης προς την αρμόδια Υπηρεσία 
προκειμένου να κινηθεί η προβλεπόμενη από τις κείμενες διατάξεις διαδικασία του επιτόπιου ελέγχου, ιστιστ) στον καταλογισμό στον λήπτη αχρεώστητης 
πληρωμής, ιζιζ) στην τήρηση του Μητρώου Δεσμεύσεων Τακτικού Προϋπολογισμού για δαπάνες αρμοδιότητας του 
Τμήματος, ιηιη) στην παροχή στοιχείων, βεβαιώσεων και οδηγιών 
αναφορικά με αποδοχές, πρόσθετες, αμοιβές, αποζημιώσεις, κρατήσεις ΚΛΠ#. για το προσωπικό του Υπουργείου 
που αναφέρεται στο στοιχ. αα’, ιθιθ) στη μέριμνα για την αποτροπή συσσώρευσης 
οφειλών, κκ) στον έλεγχο τήρησης των περί ανάληψης υποχρεώσεων διατάξεων και παροχή βεβαίωσης επί των σχε δίων 
των σχετικών πράξεων για την ύπαρξη της απαιτούμενης 
πίστωσης και για τη μη υπέρβαση - του οριζόμενου κάθε 
φορά από το αρμόδιο όργανο - ποσοστού διάθεσης της 
πίστωσης, κακα) στην έκδοση επιτροπικών ενταλμάτων για τη 
μεταβίβαση πιστώσεων στους δευτερεύοντες διατάκτες, κβκβ) στην τήρηση μητρώου πάσης φύσεως προσωπικού του Υπουργείου κατά τον λόγο της αρμοδιότητας 
του Τμήματος. αα) στην εκκαθάριση των αποδοχών και κάθε είδους 
αμοιβών των υπαλλήλων του συνόλου των υπηρεσιών 
αρμοδιότητας του Υπουργείου, ββ) στον έλεγχο και την εκκαθάριση απολαβών και 
αποζημιώσεων που εξοφλούνται μέσω της Ενιαίας Αρχής 
Πληρωμών συμπεριλαμβανομένων και των δαπανών 
μετακινήσεων προσώπων που εξυπηρετούνται από το 
Υπουργείο, γγ) στην εκκαθάριση μηνιαίας αποζημίωσης των 
ασκούμενων Δικηγόρων, δδ) στην έκδοση εκκαθαριστικών, φορολογικών και 
μισθοδοτικών βεβαιώσεων, εε) στην τήρηση καταστάσεων, απόδοση και πληρωμή 
κρατήσεων στο σύνολο των ασφαλιστικών φορέων, στστ) στην έκδοση βεβαιώσεων οικονομικών στοιχείων προς τις αρμόδιες Υπηρεσίες, προκειμένου να αντικρούουν αγωγές, αιτήσεις ακύρωσης ΚΛΠ#. υπαλλήλων 
αρμοδιότητας της Υπηρεσίας τους, ζζ) στην έκδοση και καταβολή υπερωριών και εξαιρέσιμων των Ιδιαίτερων Γραφείων, του Γραφείου Υπηρεσιακού Γραμματέα και των υπηρετούντων υπαλλήλων στα 
βουλευτικά γραφεία, ηη) στην έκδοση και αποστολή στατιστικών στοιχείων 
σχετικά με την μισθοδοσία των υπαλλήλων, θθ) στην αποστολή στοιχείων στην Ενιαία Αρχή Πληρωμής και σε άλλους οργανισμούς, ιι) στην ανάρτηση Αναλυτικών Περιοδικών Δηλώσεων 
(ΑΠΔ), ιαια) στη συμπλήρωση ατομικών δελτίων (ΔΑΥΚ) για 
την έκδοση συντάξεων, ιβιβ) στη σύνταξη προϋπολογισμού για τους διορισμούς - μετατάξεις, ιγιγ) στον έλεγχο και την εκκαθάριση των αποδοχών, 
πρόσθετων αμοιβών του πάσης φύσεως προσωπικού 
του Υπουργείου, αποζημιώσεων φοιτητών και σπουδαστών για την πρακτική τους άσκηση σε υπηρεσίες του 
Υπουργείου, ιδιδ) στην έκδοση και αποστολή αναλυτικών βεβαιώσεων στο σύνολο των δικαιούχων, ιειε) στην παροχή βεβαίωσης επί των πράξεων διορισμών, εντάξεων, μετατάξεων, αποσπάσεων και προαγωγών του προσωπικού κάθε κατηγορίας του Υπουργείου 
σχετικά με την ύπαρξη σχετικών προβλέψεων στον 
προϋ πολογισμό του, ιστιστ) στην εκτέλεση αποφάσεων που αφορούν αργίες - διαθεσιμότητες, ιζιζ) στην παροχή απόψεων και απαντήσεων επί προσφυγών - δικαστικών αποφάσεων και λοιπών αποφάσεων που αφορούν σε αποδοχές,  ιηιη) στη χορήγηση βεβαιώσεων σε εν ενεργεία και 
συνταξιούχους σχετικά με εξαγορές στρατού, προϋπηρεσίας ΚΛΠ#., ιθιθ) στην αποστολή ηλεκτρονικών αρχείων στην Ενιαία Αρχή Πληρωμών (ΕΑΠ), στα ασφαλιστικά ταμεία και 
στα πιστωτικά ιδρύματα, κκ) στον καταλογισμό στο λήπτη αχρεώστητης πληρωμής, κακα) στην παροχή στοιχείων, βεβαιώσεων και οδηγιών αναφορικά με αποδοχές, πρόσθετες αμοιβές, αποζημιώσεις, κρατήσεις ΚΛΠ#. για το πάσης φύσεως προσωπικό του Υπουργείου, κβκβ) στην τήρηση μητρώου του πάσης φύσεως προσωπικού του Υπουργείου κατά τον λόγο της αρμοδιότητας του Τμήματος. κγκγ) στην κατάρτιση του σχεδίου απόφασης ανάληψης υποχρεώσεων, κδκδ) στον έλεγχο τήρησης των περί ανάληψης υποχρεώσεων διατάξεων, κεκε) στην έκδοση τίτλου για την πληρωμή των δαπανών αυτών και κστκστ) στην τήρηση του Μητρώου Δεσμεύσεων για 
δαπάνες αρμοδιότητας του Β’ Τμήματος."
Άρθρο 14,Τμήμα Προμηθειών,"αα) στον προγραμματισμό και την υλοποίηση των τακτικών και έκτακτων προμηθειών του Υπουργείου και 
την παροχή στοιχείων για την κατάρτιση του προϋπολογισμού και για το μητρώο δεσμεύσεων, ββ) στη διενέργεια των απαραίτητων διαδικαστικών 
ενεργειών για τη σύναψη και εκτέλεση συμβάσεων προμήθειας αγαθών και παροχής υπηρεσιών πλην αυτών 
που αφορούν συγχρηματοδοτούμενα έργα, γγ) στη συγκρότηση επιτροπών διενέργειας και αξιολόγησης διαγωνισμών, ενστάσεων καθώς και επιτροπών 
για την παρακολούθηση και παραλαβή αγαθών - υπηρεσιών σε συνεργασία με τυχόν συναρμόδιες Διευθύνσεις 
του Υπουργείου, δδ) στην άσκηση των διοικητικών ενεργειών για τη 
μίσθωση κτιρίων, εε) στην άσκηση των διοικητικών ενεργειών για:"
Άρθρο 14,##Διεύθυνση Προμηθειών και Διοικητικής Μέριμνας,"α) τηλεφωνικές και τηλεπικοινωνιακές συνδέσεις,  β)  παροχή ενέργειας (ηλεκτρικό ρεύμα, φυσικό αέριο ΚΛΠ#.), γ) ταχυδρομικές υπηρεσίες και"
Άρθρο 14,Τμήμα Διοικητικής Μέριμνας,"αα) στη συγκέντρωση των αιτημάτων για την προμήθεια αγαθών και υπηρεσιών από το σύνολο των υπηρεσιών του Υπουργείου και την ομαδοποίηση αυτών 
καθώς και στη διενέργεια έρευνας αγοράς για τη λήψη 
στοιχείων τιμών των αιτούμενων αγαθών και υπηρεσιών 
πλην των υποδομών δικτύων, ββ) στη διατήρηση και ενημέρωση αρχείου περιουσιακών στοιχείων (κινητών και ακινήτων) του Υπουργείου, γγ) στην τήρηση και διαχείριση της “Αποθήκης Υλικού 
Β” για τα υλικά που εμπίπτουν στην αρμοδιότητα του 
Τμήματος και την καταγραφή εισερχομένων - εξερχομένων υλικών."
Άρθρο 15,Τμήμα Διοίκησης Ανθρώπινου Δυναμικού,"αα) στη διαχείριση όλων των θεμάτων υπηρεσιακής 
κατάστασης του τακτικού προσωπικού της Κεντρικής 
Υπηρεσίας και των Ιατροδικαστικών Υπηρεσιών του Κράτους και την τήρηση του σχετικού προσωπικού μητρώου, ββ) στα ζητήματα που αφορούν στο έκτακτο προσωπικό της Κεντρικής Υπηρεσίας του Υπουργείου και των 
Ιατροδικαστικών Υπηρεσιών, συμπεριλαμβανομένου και 
του προσωπικού με σύμβαση μίσθωσης έργου, γγ) στη μέριμνα για την έκδοση των διοικητικών πράξεων που αφορούν στο διορισμό και στη λύση της σχέσης, καθώς και στην υπηρεσιακή κατάσταση του προσωπικού ειδικών θέσεων και των μετακλητών υπαλλήλων, δδ) στην επεξεργασία των στοιχείων για την αποτίμηση των αναγκών του Υπουργείου σε θέσεις τακτικού 
προσωπικού και στην κατανομή τους σε κατηγορίες, 
κλάδους, βαθμούς ή ειδικότητες, εε) στη μέριμνα για τη συγκρότηση και λειτουργία του 
Υπηρεσιακού καθώς και του Πειθαρχικού Συμβουλίου 
που αφορούν στους ως άνω υπαλλήλους καθώς και της 
Επιτροπής Αξιολόγησης, στστ) στη μέριμνα για την έκδοση των διοικητικών 
πράξεων που αφορούν στη μετακίνηση στο εξωτερικό και στο εσωτερικό του Υπουργού, του Αναπληρωτή 
Υπουργού, του Υφυπουργού, του Γενικού Γραμματέα, 
του Υπηρεσιακού Γραμματέα καθώς και λειτουργών της 
δικαιοσύνης και εκπροσώπων του Υπουργείου, ζζ) στη μέριμνα για την έκδοση των διοικητικών πράξεων που αφορούν στη συγκρότηση των Ανεξάρτητων 
Αρχών Διασφάλισης του Απορρήτου των Επικοινωνιών, 
Προστασίας Δεδομένων Προσωπικού Χαρακτήρα, Καταπολέμησης της Νομιμοποίησης των Εσόδων από Εγκληματικές Δραστηριότητες και της Χρηματοδότησης της 
Τρομοκρατίας και Ελέγχου των Δηλώσεων Περιουσιακής 
Κατάστασης καθώς και την υποβοήθηση του διοικητικού 
έργου της Αρχής Εξέτασης Προδικαστικών Προσφυγών 
σε ζητήματα που δεν ρυθμίζονται από τις διατάξεις του 
Ν# 4412/2016 (Α’ 147), ηη) στη μέριμνα για την έκδοση των διοικητικών πράξεων που αφορούν στη συγκρότηση των διοικητικών 
συμβουλίων του Ελληνικού Ινστιτούτου Διεθνούς και 
Αλλοδαπού Δικαίου και του Ινστιτούτου Αιγαίου του Δικαίου της Θάλασσας και του Ναυτικού Δικαίου, καθώς 
και τις απαιτούμενες διοικητικές ενέργειες για θέματα 
προσωπικού τους κατά λόγο αρμοδιότητας, θθ) στη μέριμνα για την έκδοση των διοικητικών πράξεων που αφορούν στη συγκρότηση των συλλογικών 
οργάνων που λειτουργούν εντός του Υπουργείου με την 
επιφύλαξη ειδικότερων ρυθμίσεων καθώς και στην έκδοση απόφασης ορισμού των υπό στοιχ. αα’ υπαλλήλων 
για συμμετοχή σε συνέδρια, επιτροπές και συμβούλια 
άλλων φορέων, κατά λόγο αρμοδιότητας, σε συνεργασία 
με την Υπηρεσία Συντονισμού, ιι) στη μέριμνα για την εισαγωγική εκπαίδευση των 
υπαλλήλων της Κεντρικής Υπηρεσίας και των Ιατροδικαστικών Υπηρεσιών καθώς και στην οργάνωση και 
εκτέλεση προγραμμάτων επιμόρφωσης ειδικού ενδιαφέροντος για όλους τους υπαλλήλους του Υπουργείου 
σε συνεργασία με το Εθνικό Κέντρο Δημόσιας Διοίκησης 
και Αυτοδιοίκησης ή λοιπούς φορείς, την οργάνωση και 
εκτέλεση προγραμμάτων επαγγελματικής εξειδίκευσης 
των υπαλλήλων σε αντικείμενα της υπηρεσίας τους και 
τη μέριμνα για την μετεκπαίδευση των υπαλλήλων ή την 
ειδίκευσή τους σε σύγχρονες τεχνικές διοίκησης και τεχνολογίας συμπεριλαμβανομένης και της επιμόρφωσής 
τους σε νέα γνωστικά αντικείμενα."
Άρθρο 15,Στο Τμήμα Διοίκησης Ανθρώπινου Δυναμικού,"αα) στον οργανωτικό σχεδιασμό του Υπουργείου καθώς και τη μέριμνα για την τροποποίηση και παρακολούθηση της εφαρμογής του Οργανισμού του Υπουργείου, ββ) στη μέριμνα για την έκδοση των αναγκαίων διοικητικών πράξεων σε ό,τι αφορά στην ανάθεση και τη 
μεταβίβαση αρμοδιοτήτων στα διοικητικά όργανα της 
Κεντρικής Υπηρεσίας του Υπουργείου και των περιφερειακών του υπηρεσιών, γγ) στη μέριμνα για την έκδοση των διοικητικών πράξεων που αφορούν στη συγκρότηση του διοικητικού 
συμβουλίου του Ταμείου Χρηματοδότησης Δικαστικών 
Κτιρίων (ΤΑ.Χ.ΔΙ.Κ) και των συμβουλίων των νομικών 
προσώπων που εποπτεύονται από το Υπουργείο, δδ) στην εκπλήρωση των υποχρεώσεων που απορρέουν 
από τον N# 3213/2003 (Α’ 309), σε συνεργασία με τις αρμόδιες υπηρεσίες του Υπουργείου, εε) στην καταγραφή διαδικασιών, στη μελέτη, στην 
υποβολή προτάσεων και στην παρακολούθηση εφαρμογής μέτρων για την απλούστευση γραφειοκρατικών 
τύπων και διαδικασιών και για την καθιέρωση συστημάτων ολικής ποιότητας."
Άρθρο 15,Τμήμα Υποστηρικτικών Λειτουργιών Δικαιοσύνης,"αα) στη μέριμνα για την εύρυθμη και αποτελεσματική 
λειτουργία των Υπηρεσιών Επιμελητών Ανηλίκων και 
Κοινωνικής Αρωγής και των Αυτοτελών Γραφείων Προστασίας Ανηλίκων Θυμάτων - «Σπίτι του Παιδιού», ββ) στην παροχή κάθε είδους συνδρομής στον κεντρικό επιθεωρητή των Υπηρεσιών Επιμελητών Ανηλίκων και 
Κοινωνικής Αρωγής για την άσκηση των καθηκόντων 
του, γγ) στην επικουρία του Υπουργού για την άσκηση 
εποπτείας των Εταιρειών Προστασίας Ανηλίκων και στη 
λήψη κάθε απαραίτητου μέτρου για την υποβοήθηση 
του έργου τους και την εν γένει ενίσχυση του θεσμού, δδ) στη διαχείριση κάθε ζητήματος που αφορά στην 
υπηρεσιακή κατάσταση και επιμόρφωση του προσωπικού των Υπηρεσιών Επιμελητών Ανηλίκων και Κοινωνικής Αρωγής καθώς και στην έκδοση όλων των σχετικών 
διοικητικών πράξεων, εε) στην επεξεργασία των ετήσιων εκθέσεων επιθεώρησης των Υπηρεσιών Επιμελητών Ανηλίκων και Κοινωνικής Αρωγής, στστ) στο σχεδιασμό, στην οργάνωση και στην παρακολούθηση της εφαρμογής νέων θεραπευτικών, αναμορφωτικών ή εναλλακτικών μέτρων έκτισης της ποινής 
σε συνεργασία με τις Υπηρεσίες Επιμελητών Ανηλίκων 
και Κοινωνικής Αρωγής και τις Εταιρείες Προστασίας 
Ανηλίκων, ζζ) στη ρύθμιση ζητημάτων παροχής κοινωφελούς 
εργασίας ως αναμορφωτικού ή εναλλακτικού μέτρου 
έκτισης της ποινής, ηη) στη μέριμνα για την έκδοση απόφασης για θέση 
ανηλίκων υπό διοικητική επιμέλεια, παράταση ή άρση 
αυτής κατά την κείμενη νομοθεσία, θθ) στη διοικητική υποστήριξη του Κεντρικού Επιστημονικού Συμβουλίου για την Πρόληψη και την Αντιμετώπιση της Θυματοποίησης και της Εγκληματικότητας των 
Ανηλίκων (Κ.Ε.Σ.Α.Θ.Ε.Α.), καθώς και στην προετοιμασία 
και στην υποβολή προς συζήτηση στο Κ.Ε.Σ.Α.Θ.Ε.Α. θεμάτων αρμοδιότητας των εποπτευόμενων υπηρεσιών 
του Τμήματος."
Άρθρο 15,Τμήμα Γραμματείας,"αα) στη διακίνηση όλης της εισερχόμενης αλληλογραφίας της Κεντρικής Υπηρεσίας του Υπουργείου, ββ) στην επικύρωση όλων των εγγράφων των οργανικών μονάδων της Κεντρικής Υπηρεσίας του Υπουργείου 
και στην εν συνεχεία διεκπεραίωσή τους καθώς και στην 
τήρηση του σχετικού αρχείου, γγ) στην τήρηση ηλεκτρονικού αρχείου του κεντρικού 
πρωτοκόλλου της Κεντρικής Υπηρεσίας του Υπουργείου 
καθώς και στη χρήση και λειτουργία συστήματος ηλεκτρονικής διαχείρισης εγγράφων με την υποστήριξη της 
Διεύθυνσης Ηλεκτρονικής Διακυβέρνησης, δδ) στην τήρηση του εμπιστευτικού πρωτοκόλλου της 
Κεντρικής Υπηρεσίας του Υπουργείου, εε) στην επικύρωση των πάσης φύσεως αντιγράφων και 
φωτοτυπιών καθώς και στη βεβαίωση του γνησίου της 
υπογραφής, όταν απαιτείται από την κείμενη νομοθεσία, στστ) στην οργάνωση, ταξινόμηση και τήρηση του 
Γενικού Αρχείου του Υπουργείου και στη μέριμνα για 
την εκκαθάριση αυτού."
Άρθρο 16,##Αυτοτελές Τμήμα Παλλαϊκής Άμυνας και Πολιτικής Σχεδίασης Εκτάκτων Αναγκών,"γ) τη συνεργασία με τις οργανωτικές δομές ΠΑΜ-ΠΣΕΑ 
του ΓΕΕΘΑ και των λοιπών υπουργείων, δ) τη διατύπωση εισηγήσεων για τη διαχείριση κρίσεων και την ασφαλή λειτουργία των εγκαταστάσεων 
του Υπουργείου, ε) τη σύνταξη του ετήσιου προϋπολογισμού δαπανών 
επί θεμάτων ΠΣΕΑ,  στ) τη μέριμνα για την κατάρτιση και εκπαίδευση επί 
θεμάτων ΠΣΕΑ αα) του προσωπικού του Τμήματος και  ββ) του προσωπικού του Υπουργείου προς εξασφάλιση 
της προστασίας των ανωτέρω και των πάσης φύσεως 
υποδομών και υλικού που ανήκουν στο Υπουργείο Δικαιοσύνης, στον πόλεμο και την ειρήνη, κατά τις κείμενες 
και λοιπές κανονιστικές διαδικασίες,"
Άρθρο 19,Τμήμα Λειτουργίας και Επιθεώρησης Δικαστηρίων,"αα) στην ίδρυση, συγχώνευση ή κατάργηση δικαστηρίων και στον περιορισμό ή στην επέκταση των περιφερειών τους, τον προσδιορισμό των εδρών των δικαστηρίων και των μεταβολών αυτών καθώς και τον 
καθορισμό των μεταβατικών εδρών τους, ββ) στη δημοσίευση των κανονισμών της εσωτερικής 
υπηρεσίας των δικαστηρίων, γγ) στη μέριμνα για την έκδοση των διοικητικών πράξεων που αφορούν στην κατανομή των οργανικών θέσεων των δικαστικών λειτουργών στα δικαστήρια και 
στις εισαγγελίες,  δδ) στην προώθηση της διαδικασίας για τη συγκρότηση του Ανώτατου Ειδικού Δικαστηρίου του άρθρου 100 
του Συντάγματος, του Ειδικού Δικαστηρίου Εκδίκασης 
Αγωγών Κακοδικίας σύμφωνα με τα άρθρα 88 και 99 του 
Συντάγματος και του Ανώτατου Πειθαρχικού Συμβουλίου του άρθρου 91 του Συντάγματος, εε) στην εισήγηση για τη λήψη μέτρων προς την επιτάχυνση της απονομής της δικαιοσύνης και την αξιολόγηση της εφαρμογής τους, στστ) στην τήρηση αρχείου και βιβλίου αρίθμησης των 
νόμων του κράτους, ζζ) στην τήρηση της Μεγάλης Σφραγίδας του Κράτους, ηη) στην επικουρία του Υπουργού για την άσκηση εποπτείας στην Εθνική Σχολή Δικαστικών Λειτουργών και 
την προκήρυξη του σχετικού εισαγωγικού διαγωνισμού, θθ) στη συγκρότηση και παρακολούθηση της λειτουργίας των νομοπαρασκευαστικών επιτροπών ή ομάδων 
εργασίας νομοπαρασκευαστικού χαρακτήρα, ιι) στην επικουρία του Υπουργού Δικαιοσύνης για την 
άσκηση της συνταγματικής του αρμοδιότητας για την 
έγερση πειθαρχικής αγωγής και την εφαρμογή των ειδικών διατάξεων της κείμενης νομοθεσίας που διέπουν 
τη διαδικασία άσκησης πειθαρχικού ελέγχου των δικαστικών λειτουργών, ιαια) στη συγκέντρωση των εκθέσεων επιθεώρησης 
των δικαστικών λειτουργών και τη μέριμνα για την κοινοποίησή τους στους επιθεωρούμενους, ιβιβ) στη συγκέντρωση των εκθέσεων επιθεωρήσεως 
για τη λειτουργία κάθε δικαστηρίου και εισαγγελίας, την 
τήρηση ιδιαίτερων φακέλων κατά επιθεωρούμενο δικαστήριο και τη μελέτη των μέτρων που περιλαμβάνονται 
σε αυτές με σκοπό την εισήγηση για ανάληψη σχετικών 
πρωτοβουλιών, ιγιγ) στη βεβαίωση του γνησίου της υπογραφής των 
δικαστικών λειτουργών."
Άρθρο 19,Τμήμα Δικαστικών Λειτουργών,"αα) στη ρύθμιση κάθε θέματος που αναφέρεται στην 
υπηρεσιακή κατάσταση των δικαστικών λειτουργών, ββ) στη μέριμνα για την πλήρωση των κενών θέσεων 
των δικαστικών λειτουργών,  γγ) στην επιμέλεια οργάνωσης και φύλαξης του ατομικού μητρώου των δικαστικών λειτουργών, δδ) στη ρύθμιση των θεμάτων για τις εκτός έδρας μετακινήσεις των δικαστικών λειτουργών, εε) στην υποβολή των αναγκαίων στοιχείων στο Τμήμα Λειτουργίας και Επιθεώρησης Δικαστηρίων για την 
υποβοήθηση του έργου του."
Άρθρο 20,Τμήμα Προσωπικού,"αα) στη ρύθμιση των παρακάτω θεμάτων που αναφέρονται στην υπηρεσιακή κατάσταση των υπαλλήλων 
που υπηρετούν στις Γραμματείες του Συμβουλίου της 
Επικρατείας, της Γενικής Επιτροπείας της Επικράτειας 
των Τακτικών Διοικητικών Δικαστηρίων, των Τακτικών 
Διοικητικών Δικαστηρίων, των Πολιτικών, Ποινικών Δικαστηρίων και Εισαγγελιών της χώρας με την έκδοση ή 
την προπαρασκευή έκδοσης των προβλεπόμενων από 
τις κείμενες διατάξεις διοικητικών πράξεων σχετικά με: αα) στη ρύθμιση των παρακάτω θεμάτων που αναφέρονται στην υπηρεσιακή κατάσταση των υπαλλήλων 
που υπάγονται στις Γραμματείες του Συμβουλίου της 
Επικρατείας, της Γενικής Επιτροπείας της Επικράτειας 
των Τακτικών Διοικητικών Δικαστηρίων, των Διοικητικών 
Δικαστηρίων, των Πολιτικών, Ποινικών Δικαστηρίων και 
Εισαγγελιών της χώρας με την έκδοση ή την προπαρασκευή έκδοσης των προβλεπόμενων από τις κείμενες 
διατάξεις διοικητικών πράξεων:"
Άρθρο 20,##Διεύθυνση Δικαστικών Υπαλλήλων,"α) στο διορισμό του πάσης φύσεως προσωπικού στις 
ως άνω υπηρεσίες και τη μονιμοποίηση αυτού, β) στις επιλογές προϊσταμένων των οργανικών μονάδων των δικαστηρίων και των εισαγγελιών, γ) στην ανάθεση καθηκόντων άλλου κλάδου, δ) στη χορήγηση των αδειών, ε) στην έκδοση πιστοποιητικών υπηρεσιακών μεταβολών και βεβαιώσεων υπηρεσιακής κατάστασης και στη 
μέριμνα για την προώθηση ενστάσεων κατά εκθέσεων 
αξιολόγησης, στ) στις επιβραβεύσεις δικαστικών υπαλλήλων, ββ) στις μετατάξεις - μεταφορές και αποσπάσεις υπαλλήλων του δημοσίου προς τα δικαστήρια και τις εισαγγελίες, γγ) στη λύση της υπαλληλικής σχέσης των δικαστικών 
υπαλλήλων και κάθε απαραίτητη ενέργεια που προβλέπεται στις κείμενες διατάξεις σχετικά με τη διαδικασία 
απονομής σύνταξης καθώς και την επάνοδό τους στην 
υπηρεσία, δδ) στη μέριμνα για τη διαρκή επιμόρφωση των δικαστικών υπαλλήλων, εε) στην έγκριση υπερωριακής απασχόλησης και της 
εκτός έδρας μετακίνησης των δικαστικών υπαλλήλων, στστ) στην αποστολή διοικητικού φακέλου με αναλυτική έκθεση απόψεων, κατά λόγο αρμοδιότητας, σύμφωνα 
με τις διατάξεις του άρθρου 129 του Κώδικα Διοικητικής 
Δικονομίας, ζζ) στην έκδοση της προκήρυξης εκλογών για την ανάδειξη αιρετών εκπροσώπων των δικαστικών υπαλλήλων 
στα υπηρεσιακά συμβούλια, ηη) στην τήρηση και ενημέρωση των προσωπικών 
μητρώων των δικαστικών υπαλλήλων για όλα τα προβλεπόμενα στις σχετικές διατάξεις της κείμενης νομοθεσίας 
θέματα, θθ) στην παροχή στατιστικών στοιχείων σχετικών με 
τα ανωτέρω θέματα, ιι) στην επικουρία του Υπουργού Δικαιοσύνης κατά την 
άσκηση της αρμοδιότητάς του σε θέματα πειθαρχικής 
δίωξης σύμφωνα με τις κείμενες διατάξεις και στη θέση 
σε διαθεσιμότητα και αργία των δικαστικών υπαλλήλων 
και στην αναστολή άσκησης των καθηκόντων τους. α) στις προαγωγές και εν γένει ζητήματα βαθμολογικής 
εξέλιξης των δικαστικών υπαλλήλων, β) στις μεταθέσεις και αποσπάσεις, γ) στις μετατάξεις σε κλάδο της ίδιας ή ανώτερης κατηγορίας καθώς και σε άλλες υπηρεσίες, δ) στην ένταξη σε βαθμό μετά την αναγνώριση προϋπηρεσίας, ε) την έκδοση επετηρίδας,  ββ) στην τήρηση και ενημέρωση των οργανικών θέσεων όλων των κλάδων των δικαστικών υπαλλήλων 
καθώς και στη μέριμνα για την έκδοση της απόφασης 
κατανομής των οργανικών θέσεων προσωπικού στις 
γραμματείες των πολιτικών, ποινικών και διοικητικών 
δικαστηρίων και εισαγγελιών της χώρας, γγ) στην αποστολή διοικητικού φακέλου με αναλυτική 
έκθεση απόψεων, κατά λόγο αρμοδιότητας, σύμφωνα με 
τις διατάξεις του άρθρου 129 του Κώδικα Διοικητικής 
Δικονομίας, δδ) στην τήρηση και ενημέρωση των προσωπικών 
μητρώων των δικαστικών υπαλλήλων για όλα τα προβλεπόμενα στις σχετικές διατάξεις θέματα κατά λόγο 
αρμοδιότητας, εε) στην παροχή στατιστικών στοιχείων σχετικών με 
τα ανωτέρω θέματα."
Άρθρο 21,Τμήμα Δικηγορικού Λειτουργήματος και Δικαστικών Επιμελητών,"αα) στη ρύθμιση κάθε θέματος που αναφέρεται στο 
διορισμό, εξέλιξη, παραίτηση και αποβολή της ιδιότητας 
του δικηγόρου με την έκδοση των προβλεπόμενων από 
τις κείμενες διατάξεις διοικητικών πράξεων, ββ) στη διεξαγωγή του πανελλήνιου διαγωνισμού υποψηφίων δικηγόρων, γγ) στη διαβίβαση έγγραφων αναφορών και πειθαρχικών αγωγών και αποφάσεων στα προβλεπόμενα στον 
Κώδικα Δικηγόρων πειθαρχικά όργανα, δδ) στη μέριμνα για την έκδοση των διοικητικών 
πράξεων που αφορούν στην άσκηση εποπτείας του 
Υπουργού Δικαιοσύνης επί των δικηγορικών συλλόγων 
ως νομικών προσώπων δημοσίου δικαίου, εε) στη συγκέντρωση στοιχείων σε ετήσια βάση από 
τους δικηγορικούς συλλόγους με σκοπό τη συμπλήρωση 
ερωτηματολογίων στο πλαίσιο αξιολόγησης της χώρας 
από διεθνείς οργανισμούς (ΟΟΣΑ, FΑΤF, CΕΡΕJ ΚΛΠ#.), στστ) στην τήρηση του βιβλίου διοριζομένων σύμφωνα με τις διατάξεις του Κώδικα Δικηγόρων, ζζ) στη μέριμνα και το συντονισμό της διαδικασίας 
πρακτικής άσκησης ασκουμένων δικηγόρων στο Υπουργείο Δικαιοσύνης και στις λοιπές προβλεπόμενες δημόσιες υπηρεσίες, ηη) στη μέριμνα για την έκδοση των διοικητικών πράξεων που αφορούν στην άσκηση αρμοδιοτήτων εποπτείας του δικηγορικού λειτουργήματος σύμφωνα με 
τις διατάξεις του N# 4557/2018 (Α’ 139),  θθ) στη μέριμνα για την έκδοση των διοικητικών πράξεων που αφορούν στη συγκρότηση της Κεντρικής Επιτροπής Διαμεσολάβησης σύμφωνα με τις ειδικότερες 
προβλέψεις του N# 4640/2019 (Α’ 190),  ιι) στην επεξεργασία της προβλεπόμενης από τις κείμενες διατάξεις ετήσιας έκθεσης αξιολόγησης της Κεντρικής Επιτροπής Διαμεσολάβησης προς τον Υπουργό 
Δικαιοσύνης, ιαια) στη μέριμνα για την έκδοση των διοικητικών 
πράξεων που αφορούν στην έκδοση των απαιτούμενων 
διοικητικών πράξεων για τη συγκρότηση, οργάνωση και 
λειτουργία της Επιτροπής Διαχείρισης Αφερεγγυότητας 
καθώς και του Δευτεροβάθμιου Πειθαρχικού Συμβουλίου για τους διαχειριστές αφερεγγυότητας, ιβιβ) στην τήρηση μητρώου διαχειριστών αφερεγγυότητας στο Υπουργείο Δικαιοσύνης, ιγιγ) στη μέριμνα για την έκδοση των διοικητικών 
πράξεων που αφορούν στη συγκρότηση της Επιτροπής 
Εξετάσεων για τον διαγωνισμό υποψήφιων διαχειριστών 
αφερεγγυότητας και την έκδοση των απαιτούμενων 
αποφάσεων για τη ρύθμιση κάθε λεπτομέρειας για τη 
διεξαγωγή τους, ιδιδ) στη ρύθμιση κάθε θέματος που αναφέρεται στο 
διορισμό, εξέλιξη, παραίτηση και παύση του δικαστικού 
επιμελητή με την έκδοση των προβλεπόμενων από την 
κείμενη νομοθεσία διοικητικών πράξεων, ιειε) στη διεξαγωγή του πανελλήνιου διαγωνισμού 
υποψηφίων δικαστικών επιμελητών, ιστιστ) στην επικουρία του Υπουργού Δικαιοσύνης 
κατά την άσκηση της αρμοδιότητάς του σε θέματα πειθαρχικής δίωξης σύμφωνα με τις κείμενες διατάξεις, ιζιζ) στη μέριμνα για την έκδοση των διοικητικών 
πράξεων που αφορούν στην άσκηση της εποπτείας 
του Υπουργού Δικαιοσύνης επί των συλλόγων των δικαστικών επιμελητών ως νομικών προσώπων δημοσίου 
δικαίου και της Ομοσπονδίας Δικαστικών Επιμελητών, ιηιη) στη συγκέντρωση στοιχείων σε ετήσια βάση από 
τους συλλόγους δικαστικών επιμελητών με σκοπό τη 
συμπλήρωση ερωτηματολογίων στο πλαίσιο αξιολόγησης της χώρας από Διεθνείς Οργανισμούς (ΟΟΣΑ, FΑΤF, CΕΡΕJ, ΚΛΠ#.), ιθιθ) στην τήρηση μητρώου διοριζομένων και μητρώου δικαστικών επιμελητών που υπηρετούν στο ίδιο 
εφετείο σε εκτέλεση σχετικής πρόβλεψης του οικείου 
Κώδικα καθώς και καταλόγου δικαστικών επιμελητών 
που υπέβαλαν την ετήσια δήλωση πραγματικής άσκησης καθηκόντων του άρθρου 29 του Κώδικα Δικαστικών 
Επιμελητών."
Άρθρο 21,Τμήμα Συμβολαιογραφείων και Υποθηκοφυλακείων,"αα) στη ρύθμιση θεμάτων που αναφέρονται στο διορισμό, εξέλιξη, παραίτηση και παύση του συμβολαιογράφου, ββ) στη διεξαγωγή του πανελλήνιου διαγωνισμού υποψηφίων συμβολαιογράφων, γγ) στην επικουρία του Υπουργού Δικαιοσύνης κατά 
την άσκηση της αρμοδιότητάς του σε θέματα πειθαρχικής δίωξης σύμφωνα με τις κείμενες διατάξεις, δδ) στη μέριμνα για την έκδοση των διοικητικών πράξεων που αφορούν στη σύσταση και κατάργηση των 
θέσεων συμβολαιογράφων και τη μεταβολή της έδρας 
ώστε οι ασκούμενες από τους συμβολαιογράφους δημόσιες λειτουργίες να κατανέμονται ισόρροπα και κατά 
τρόπο που διασφαλίζει τη συνεχή, ακώλυτη και ομοιόμορφη συμμετοχή τους στην οικονομική και κοινωνική 
ζωή όλων των περιοχών της χώρας, εε) στη μελέτη και επεξεργασία εκθέσεων επιθεώρησης αναφορικά με τους συμβολαιογράφους, στστ) στην ανάπτυξη των προβλεπόμενων διοικητικών δράσεων για την άσκηση της εποπτείας του Υπουργού Δικαιοσύνης επί των συμβολαιογραφικών συλλόγων 
ως νομικών προσώπων δημοσίου δικαίου, ζζ) στη συγκέντρωση στοιχείων σε ετήσια βάση από τους 
Συμβολαιογραφικούς Συλλόγους με σκοπό τη συμπλήρωση ερωτηματολογίων στο πλαίσιο αξιολόγησης της χώρας 
από διεθνείς οργανισμούς (ΟΟΣΑ, FΑΤF, CΕΡΕJ ΚΛΠ#.), ηη) στη μέριμνα για την έκδοση των διοικητικών πράξεων που αφορούν στην άσκηση αρμοδιοτήτων εποπτείας του συμβολαιογραφικού λειτουργήματος σύμφωνα 
με τις κείμενες διατάξεις, θθ) στη μέριμνα για την έκδοση των διοικητικών πράξεων που αφορούν στη σύσταση, κατάργηση και τον 
καθορισμό των θέσεων των υποθηκοφυλακείων με σκοπό τη διασφάλιση της εύρυθμης και αποτελεσματικής 
λειτουργίας τους, ιι) στη μέριμνα για την έκδοση των διοικητικών πράξεων που αφορούν στην κατάργηση, συγχώνευση ή 
μεταβολή της έδρας των υποθηκοφυλακείων και των 
κτηματολογικών γραφείων Ρόδου και Κω-Λέρου και την 
προετοιμασία των υφιστάμενων υπηρεσιών με σκοπό 
την ομαλή μετάβαση στο Κτηματολόγιο, ιαια) στη μελέτη και επεξεργασία των εκθέσεων επιθεώρησης των υποθηκοφυλακείων και την υποβολή 
προτάσεων στον Υπουργό Δικαιοσύνης με σκοπό τον 
εκσυγχρονισμό τους και την αναβάθμιση και ισόρροπη 
κατανομή των ανθρωπίνων πόρων τους, ιβιβ) στην επεξεργασία και ρύθμιση κάθε θέματος που 
αναφέρεται στην υπηρεσιακή κατάσταση των υποθηκοφυλάκων, των προϊσταμένων των έμμισθων υποθηκοφυλακείων και των κτηματολογικών γραφείων Ρόδου 
και Κω - Λέρου καθώς και των υπαλλήλων των έμμισθων 
υποθηκοφυλακείων και των ανωτέρω Κτηματολογικών 
Γραφείων, ιγιγ) στην τήρηση αρχείων και μητρώου για το σύνολο του προσωπικού των υποθηκοφυλακείων καθώς και 
για το σύνολο των οργανικών θέσεων και την κατανομή 
τους, ιδιδ) στον έλεγχο των άμισθων υποθηκοφυλακείων 
ως προς την υποβολή αντιγράφων από τα βιβλία εισοδημάτων και εκθέσεων επιθεώρησης και την τήρηση της 
κείμενης νομοθεσίας."
Άρθρο 23,Τμήμα Ιδιωτικού Διεθνούς Δικαίου,"αα) στην εκπλήρωση υποχρεώσεων που απορρέουν 
από την κείμενη εθνική, ευρωπαϊκή και διεθνή νομοθεσία, μεταξύ άλλων, σχετικά με την επίδοση και κοινοποίηση δικαστικών και εξωδίκων πράξεων στο εξωτερικό, 
τη διεξαγωγή αποδείξεων, τις υποχρεώσεις διατροφής, 
τη διεθνή απαγωγή παιδιών και τα ζητήματα γονικής 
μέριμνας και γαμικών διαφορών και την παροχή νομικής 
βοήθειας,  ββ) στη μέριμνα για την έκδοση των διοικητικών πράξεων που αφορούν στη σύναψη διμερών συμβάσεων 
με τρίτες χώρες για την παροχή δικαστικής συνδρομής 
ή τεχνικής βοήθειας επί αστικών και εμπορικών υποθέσεων και την κατάρτιση πρωτοκόλλων διοικητικής 
συνεργασίας με αλλοδαπά Υπουργεία, γγ) στη μέριμνα για την έκδοση των διοικητικών πράξεων περί χορηγήσεως ή μη άδειας του Υπουργού Δικαιοσύνης για την αναγκαστική εκτέλεση δικαστικών 
αποφάσεων κατά αλλοδαπού Δημοσίου ή για την κατάθεση αιτήσεως λήψης ασφαλιστικών μέτρων κατά 
αλλοδαπού Δημοσίου (άρθρα 923 και 689 του Κώδικα Πολιτικής Δικονομίας)."
Άρθρο 23,Τμήμα Ποινικού Δικαίου,"αα) στην εκπλήρωση υποχρεώσεων που απορρέουν 
από την κείμενη εθνική, ευρωπαϊκή και διεθνή νομοθεσία σχετικά με την έκδοση εγκληματιών και την αμοιβαία 
δικαστική συνδρομή, ββ) στη μέριμνα για την έκδοση των διοικητικών πράξεων που αφορούν τη σύναψη διμερών συμβάσεων με 
τρίτες χώρες για την παροχή δικαστικής συνδρομής 
ή τεχνικής βοήθειας επί ποινικών υποθέσεων και την 
κατάρτιση πρωτοκόλλων διοικητικής συνεργασίας με 
αλλοδαπά Υπουργεία, γγ) στη διαβίβαση ποινικών δικογραφιών (βουλευτών, Υπουργών) στη Βουλή σύμφωνα με την ισχύουσα νομοθεσία, δδ) στην παροχή πληροφοριών σχετικά με πρόσωπα 
που καταζητούνται ή έχουν ήδη συλληφθεί και παραδίδονται δυνάμει Ευρωπαϊκού Εντάλματος Σύλληψης 
σε συνεργασία με τις αρμόδιες εισαγγελίες εφετών 
(ν. 3251/2004, Α’ 127) και τήρηση μητρώου των εκδιδόμενων Ευρωπαϊκών Ενταλμάτων Σύλληψης,  εε) στη συνεπικουρία του Υπουργού Δικαιοσύνης στην 
άσκηση του προβλεπόμενου στο άρθρο 29 του Κώδικα 
Ποινικής Δικονομίας δικαιώματος για την αναβολή ή 
αναστολή της ποινικής δίωξης, στστ) στη μέριμνα για την έκδοση των διοικητικών 
πράξεων που αφορούν στην παροχή ετεροδικίας σε 
στρατιωτικούς, υπηκόους κρατών-μελών του ΝΑΤΟ."
Άρθρο 23,Τμήμα Ποινικού Μητρώου,"αα) στην τήρηση αρχείου ποινικού μητρώου για τα 
πρόσωπα που έχουν γεννηθεί στο εξωτερικό ή αγνοείται 
ο τόπος γέννησής τους ή είναι άγνωστος, η έκδοση και η 
χορήγηση αντιγράφων ποινικού μητρώου σύμφωνα με 
τα οριζόμενα στις οικείες διατάξεις του Κώδικα Ποινικής 
Δικονομίας,  ββ) στην ανταλλαγή πληροφοριών ποινικού μητρώου, 
ως Κεντρική Αρχή, στο πλαίσιο του Ευρωπαϊκού Συστήματος Ανταλλαγής Πληροφοριών Ποινικού Μητρώου 
(ΕCRΙS) και την εκπλήρωση των υποχρεώσεων που 
απορρέουν από την εφαρμογή διεθνών συμβάσεων ή 
αναφέρονται στη θεσμοθέτηση και εφαρμογή κανόνων 
δικαστικής αρωγής επί θεμάτων ποινικού μητρώου και 
σχετικών λειτουργιών, γγ) στη μέριμνα για τη συνεχή αναβάθμιση παροχής 
υπηρεσιών ποινικού μητρώου προς τους πολίτες, τις δικαστικές/εισαγγελικές αρχές, δημόσιες υπηρεσίες και 
φορείς."
Άρθρο 24,Τμήμα Ανθρωπίνων Δικαιωμάτων,"αα) στην προώθηση και διάχυση της Ευρωπαϊκής 
Σύμβασης Δικαιωμάτων του Ανθρώπου και της νομολογίας του Ευρωπαϊκού Δικαστηρίου Δικαιωμάτων του 
Ανθρώπου (ΕΔΔΑ) καθώς και στην παρακολούθηση της 
συμμόρφωσης στις αποφάσεις του σε θέματα αρμοδιότητας ή συναρμοδιότητας του Υπουργείου, στην υποβολή προτάσεων για τη λήψη των αναγκαίων νομοθετικών 
ή άλλων μέτρων προκειμένου να εναρμονισθεί η εθνική 
νομοθεσία και πρακτική με τις αποφάσεις αυτές και στη 
σύνταξη και αποστολή απόψεων επί προσφυγών που 
κατατίθενται ενώπιον του ΕΔΔΑ και επί ατομικών και 
γενικών μέτρων συμμόρφωσης, ββ) στην παρακολούθηση της εθνικής νομοθε σίας 
και πρακτικής εφαρμογής σε θέματα δικαιωμάτων 
του ανθρώπου, ιδίως σε θέματα αναπηρίας, εμπορίας 
ανθρώπων, πρόληψης βασανιστηρίων, ρατσισμού και 
ενδοοικογενειακής βίας και στην εισήγηση προτάσεων για τη διαμόρφωση πολιτικών και για την ανάληψη 
νομοθετικών, κανονιστικών και διοικητικών πρωτοβουλιών για το σεβασμό, την προαγωγή και προστασία των 
δικαιωμάτων του ανθρώπου, γγ) στη συνεργασία με τις συναρμόδιες οργανικές 
μονάδες του Υπουργείου, άλλα Υπουργεία ή φορείς, 
εθνικούς και μη, για την προώθηση της εκπαίδευσης και 
επιμόρφωσης σε θέματα δικαιωμάτων του ανθρώπου, δδ) στη μέριμνα για την έκδοση των διοικητικών πράξεων που αφορούν στη συγκρότηση του Εθνικού Συμβουλίου κατά του Ρατσισμού και της Μισαλλοδοξίας και 
τη διάχυση και προώθηση των αποτελεσμάτων του σε 
θέματα δικαιωμάτων του ανθρώπου, εε) στη συμβολή στην εκπόνηση και παρακολούθηση 
εθνικών σχεδίων δράσης στο πεδίο των δικαιωμάτων 
του ανθρώπου σε συνεργασία με την Υπηρεσία Συντονισμού, στστ) στη μέριμνα για την έκδοση των διοικητικών 
πράξεων που αφορούν στη συγκρότηση της Ελληνικής 
Αρχής Αποζημίωσης καθώς και στη συγκέντρωση αιτήσεων αποζημίωσης και την προώθησή τους σε αυτή 
για την άσκηση των αρμοδιοτήτων της κατά την κείμενη 
νομοθεσία, ζζ) στη συλλογή στοιχείων (εκθέσεων) που αφορούν 
στην παρακολούθηση της εφαρμογής της νομοθεσίας 
για τα δικαιώματα, στην υποστήριξη και προστασία 
θυμάτων εγκλημάτων βίας, στη μέριμνα για την ομαλή 
συνεργασία των υπηρεσιών υποστήριξης και φροντίδας 
θυμάτων, στην κατάρτιση ενημερωτικού υλικού για τα 
δικαιώματα των θυμάτων, στην εισήγηση πρωτοβουλιών 
προς τις αρμόδιες υπηρεσίες του Υπουργείου, άλλων 
Υπουργείων ή φορέων για την εκπαίδευση και κατάρτιση των εμπλεκομένων επαγγελματιών καθώς και στην 
ανάληψη δράσεων με συναρμόδιες υπηρεσίες. ηη) στη μέριμνα για την προώθηση της αρχής της ίσης 
μεταχείρισης και στην προστασία των δικαιωμάτων του 
ανθρώπου και στην εξάλειψη όλων των μορφών διακρίσεων ανεξαρτήτως φυλής, χρώματος, εθνικής ή εθνοτικής καταγωγής, θρησκευτικών ή άλλων πεποιθήσεων, 
αναπηρίας ή χρόνιας πάθησης, ηλικίας, οικογενειακής 
ή κοινωνικής κατάστασης, σεξουαλικού προσανατολισμού, ταυτότητας ή χαρακτηριστικών φύλου σύμφωνα 
με τις κείμενες διατάξεις, θθ) στη συγκρότηση της διεπιστημονικής γνωμοδοτικής Επιτροπής για τη διόρθωση του καταχωρισμένου 
φύλου ανηλίκων, όπως προβλέπεται από τις κείμενες 
διατάξεις."
Άρθρο 24,Τμήμα Απονομής Χάριτος,"αα) στη μέριμνα για την έκδοση των διοικητικών πράξεων που αφορούν στη συγκρότηση του Συμβουλίου 
Χαρίτων, ββ) στη συγκέντρωση των αιτήσεων απονομής χάριτος, στον έλεγχο και στην επεξεργασία των απαιτούμενων δικαιολογητικών και στην εισαγωγή τους προς 
συζήτηση στο Συμβούλιο Χαρίτων και στην εν συνεχεία 
προώθησή τους προς τον Υπουργό Δικαιοσύνης και τον 
Πρόεδρο της Δημοκρατίας, γγ) στη γραμματειακή υποστήριξη του Συμβουλίου 
Χαρίτων, στην τήρηση και φύλαξη των πρακτικών των 
συνεδριάσεών του, δδ) στην κατάρτιση των σχεδίων προεδρικών διαταγμάτων περί απονομής χάριτος, εε) στην τήρηση αρχείου αιτήσεων απονομής χάριτος.
ΜΕΡΟΣ ΤΡΙΤΟ
ΠΕΡΙΦΕΡΕΙΑΚΕΣ ΥΠΗΡΕΣΙΕΣ ΥΠΟΥΡΓΕΙΟΥ 
ΔΙΚΑΙΟΣΥΝΗΣ
ΚΕΦΑΛΑΙΟ Α’
ΙΑΤΡΟΔΙΚΑΣΤΙΚΕΣ ΥΠΗΡΕΣΙΕΣ ΤΟΥ ΚΡΑΤΟΥΣ"
Άρθρο 26,Τμήμα Επιμελητών Ανηλίκων και Αυτοτελές Γραφείο Επιμελητών Ανηλίκων,"αα) τη μέριμνα για την παραλαβή των εισερχομένων 
εγγράφων, την τήρηση του πρωτοκόλλου της υπηρεσίας, 
τη διακίνηση της αλληλογραφίας, τη διεκπεραίωση των 
εξερχόμενων εγγράφων και την τήρηση του αρχείου, ββ) την τήρηση του μητρώου των ανηλίκων, γγ) την τήρηση του προσωπικού μητρώου των υπαλλήλων, δδ) την εκκαθάριση και πληρωμή των πρόσθετων 
αποδοχών των υπαλλήλων, εε) την ενημέρωση του Β’ Τμήματος Μισθοδοσίας της 
Διεύθυνσης Προϋπολογισμού και Οικονομικής Διαχείρισης της Κεντρικής Υπηρεσίας για κάθε μεταβολή της 
υπηρεσιακής κατάστασης του προσωπικού που έχει ως 
συνέπεια την μεταβολή των μισθολογικών δεδομένων 
του προσωπικού αυτού ως και τη συνεργασία με την 
Ενιαία Αρχή Πληρωμής. στστ) το χειρισμό όλων των διαχειριστικών και λογιστικών θεμάτων της υπηρεσίας και τη μέριμνα για την 
προμήθεια και διαχείριση καθώς και τη συντήρηση και 
φύλαξη του υλικού της υπηρεσίας, ζζ) τη διενέργεια κοινωνικών ερευνών καθώς και κάθε 
άλλη ενέργεια που αποσκοπεί στην πρόληψη της παραβατικότητας των ανηλίκων κατόπιν αιτήσεως των γονέων 
ή των ασκούντων την επιμέλεια ανηλίκου ή άλλης αρχής, ηη) την άσκηση των διοικητικών επιμελειών, θθ) την εκπόνηση μελετών και στατιστικής έρευνας 
για την παραβατικότητα των ανηλίκων, ιι) τη διενέργεια κοινωνικών ερευνών επί περιπτώσεων 
ανηλίκων κατά των οποίων εκκρεμεί ποινική δίωξη η 
διερευνάται η αποχή από αυτήν, ιαια) την προετοιμασία και παρακολούθηση των σχετικών με τις δικάσιμους ζητημάτων, ιβιβ) την παρακολούθηση της εξέλιξης των ανηλίκων, 
στους οποίους επιβλήθηκαν τα αναμορφωτικά μέτρα, ιγιγ) τη διενέργεια κοινωνικής έρευνας μετά από ανάθεση του ανακριτή ανηλίκων, ιδιδ) τη συγκέντρωση στατιστικών στοιχείων και τη συνεργασία με το Τμήμα Υποστηρικτικών Λειτουργιών της 
Δικαιοσύνης της Κεντρικής Υπηρεσίας του Υπουργείου 
για τη σύνταξη στατιστικών μελετών σε θέματα πρόληψης και καταστολής της παραβατικότητας των ανηλίκων."
Άρθρο 26,Τμήμα Επιμελητών Κοινωνικής Αρωγής και Αυτοτελές Γραφείο Κοινωνικής Αρωγής,"αα) τη συνδρομή και εποπτεία ατόμων που απολύονται υπό όρο ή έχει ανασταλεί η εκτέλεση της ποινής υπό 
επιτήρηση ή στα οποία έχουν επιβληθεί περιοριστικοί 
όροι μετά από απόφαση δικαστηρίου ή παραγγελία του 
δικαστή εκτέλεσης ποινών ή του εισαγγελέα, ββ) τη διενέργεια, μετά από ανάθεση του δικαστή εκτέλεσης ποινών ή του αρμόδιου εισαγγελέα, κοινωνικής 
έρευνας ως προς τον τρόπο ζωής ή άλλα προσωπικά 
στοιχεία προσωρινά κρατουμένων ή ατόμων, στα οποία 
έχουν επιβληθεί περιοριστικοί όροι σύμφωνα με τις οικείες διατάξεις του Κώδικα Ποινικής Δικονομίας και τη 
σύνταξη και υποβολή των σχετικών εκθέσεων, γγ) τον προσδιορισμό και την εξασφάλιση θέσεων για την 
παροχή κοινωφελούς εργασίας στις προβλεπόμενες από 
τις οικείες διατάξεις της ποινικής νομοθεσίας υπηρεσίες, δδ) την υποβολή πρότασης προς τον αρμόδιο εισαγγελέα για τον καθορισμό των όρων παροχής κοινωφελούς 
εργασίας και την επίβλεψη της τήρησής τους, εε) τη διατύπωση προτάσεων για την αποτελεσματικότερη λειτουργία της υπηρεσίας, στστ) τη σύνταξη, ανά τρίμηνο, εκθέσεων για τις δραστηριότητες των επιμελητών κοινωνικής αρωγής, ζζ) την τήρηση των σχετικών φακέλων, βιβλίων και 
λοιπών δικαιολογητικών για τις υποθέσεις που χειρίζεται 
η υπηρεσία, ηη) την εξαγωγή των ετήσιων στατιστικών στοιχείων, θθ) την εκτέλεση κάθε σχετικής εργασίας, κατόπιν 
παραγγελίας του δικαστή εκτέλεσης ποινών, του εισαγγελέα ή του κεντρικού επιθεωρητή, ιι) την τήρηση πρωτοκόλλου και αρχείου και τη διακίνηση της αλληλογραφίας, ιαια) την τήρηση των υπηρεσιακών φακέλων του προσωπικού, ιβιβ) την εκκαθάριση και πληρωμή αποδοχών του 
προσωπικού, ιγιγ) τη μέριμνα για την καθαρογραφή των εγγράφων, ιδιδ) τη μέριμνα για την καθαριότητα των χώρων και 
την καλή λειτουργία του εξοπλισμού τους, ιειε) την ατομική αξιολόγηση ενήλικων θυμάτων αξιόποινων πράξεων για τον προσδιορισμό ειδικών αναγκών 
προστασίας κατά τις κείμενες διατάξεις."
Άρθρο 31,##Στο Υπουργείο Δικαιοσύνης,"2) θέσεις δημοσιογράφων με σχέση εργασίας ιδιωτικού δικαίου σύμφωνα με το άρθρο 40 του N# 4622/2019 (Α’ 133). 1) θέση 
Ελεγκτή Ιατρού με θητεία ο οποίος είναι αρμόδιος για:  α) την αντιμετώπιση σε πρώτο βαθμό προβλημάτων 
υγείας των υπαλλήλων, β) τον κατ’ οίκον έλεγχο των 
ασθενούντων υπαλλήλων του Υπουργείου, γ) τη συνταγογράφηση φαρμάκων και εργαστηριακών εξετάσεων στους υπαλλήλους και δ) όποια άλλη αρμοδιότητα 
προβλέπεται στην κείμενη νομοθεσία."
